Title,Link,Bed,Toilet,Size,Room,Model,Built,Price,Remaing
Blk 122 Ang Mo Kio Avenue 3,https://www.srx.com.sg/listings/100173271/for-sale-ang-mo-kio-avenue-3-ang-mo-kio-avenue-3,2,2,67,3 Room,New Generation,1978,420000,45
Blk 835 Hougang Central,https://www.srx.com.sg/listings/99074051/for-sale-hougang-central-4-room-for-sale,3,2,110,4 Room,Model A,1992,420000,31
Blk 359A Admiralty Drive,https://www.srx.com.sg/listings/100701781/for-sale-admiralty-drive-359a-admiralty-drive,4,2,110,5 Room,Improved,2001,420000,22
Blk 210 Pasir Ris Street 21,https://www.srx.com.sg/listings/100701811/for-sale-pasir-ris-street-21-huge-spacious-with-four-bedrooms,4,2,147,HDB Executive,Apartment,1993,680000,30
Blk 349 Ubi Avenue 1,https://www.srx.com.sg/listings/100306621/for-sale-ubi-avenue-1-rare-4-bedroom-4a-unit-for-sale,4,2,104,4 Room,Model A,1986,680000,37
Blk 675D Fern Grove @ Yishun,https://www.srx.com.sg/listings/100593231/for-sale-fern-grove-yishun-yishun-avenue-4,3,2,93,4 Room,Model A,2018,680000,5
Blk 483 Admiralty Link,https://www.srx.com.sg/listings/100674151/for-sale-admiralty-link-admiralty-link,3,2,111,5 Room,Improved,2004,620000,19
Blk 10 Haig Road,https://www.srx.com.sg/listings/100690741/for-sale-haig-road-haig-road,2,1,65,3 Room,Improved,1976,620000,47
Blk 185C Marsiling Greenview,https://www.srx.com.sg/listings/100703271/for-sale-marsiling-greenview-marsiling-greenview,2,None,68,3 Room,Model A,2019,620000,4
Blk 75 Bedok North Road,https://www.srx.com.sg/listings/100304231/for-sale-bedok-north-road-walk-to-market-eateries-shops-schools-mrt,2,1,59,3 Room,Improved,1978,818000,45
Blk 123 Simei Street 1,https://www.srx.com.sg/listings/100647131/for-sale-simei-street-1-walk-to-mrt-eastpoint-mall-eateries-shops-scho,3,2,121,5 Room,Improved,1988,818000,35
Blk 507 Bedok North Avenue 3,https://www.srx.com.sg/listings/100662301/for-sale-bedok-north-avenue-3-walk-to-market-eateries-shops-schools-mrt,3,2,92,4 Room,New Generation,1978,818000,45
Blk 216B Compassvale Drive,https://www.srx.com.sg/listings/100701501/for-sale-compassvale-drive-next-to-mrt-5rm,3,2,112,HDB Executive,Apartment,2017,550000,6
Blk 1 Dover Road,https://www.srx.com.sg/listings/100247561/for-sale-dover-road-dover-road,2,2,73,3 Room,Improved,1975,550000,48
Blk 124 Yishun Street 11,https://www.srx.com.sg/listings/100614211/for-sale-yishun-street-11-rare-huge-area-unit-bedrooms-4x-high-floor-ser,4,2,134,5 Room,Model A,1985,550000,38
Blk 316 Jurong East Street 32,https://www.srx.com.sg/listings/100580401/for-sale-jurong-east-street-32-jurong-east-street-32,3,2,104,4 Room,Model A,1984,635000,39
Blk 530A Pasir Ris One,https://www.srx.com.sg/listings/100288981/for-sale-pasir-ris-one-great-location-1-minute-walk-to-pasir-ris-mrt-sta,3,2,86,4 Room,Premium Apartment,2015,635000,8
Blk 168 Bukit Batok West Avenue 8,https://www.srx.com.sg/listings/100438401/for-sale-bukit-batok-west-avenue-8-bukit-batok-west-avenue-8,3,2,103,4 Room,Model A,1984,635000,39
Blk 6 Holland Close,https://www.srx.com.sg/listings/96118131/for-sale-holland-close-holland-v-mrt-high-floor-mins-to-city-reside-in,2,1,65,None,None,None,530000,None
Blk 157D Rivervale Crescent,https://www.srx.com.sg/listings/98331371/for-sale-rivervale-crescent-rivervale-crescent,3,2,111,5 Room,Improved,2003,530000,20
Blk 286C Compassvale Crescent,https://www.srx.com.sg/listings/100431281/for-sale-compassvale-crescent-compassvale-crescent,3,2,93,None,None,None,530000,None
Blk 93A Telok Blangah Street 31,https://www.srx.com.sg/listings/100698541/for-sale-telok-blangah-street-31-telok-blangah-street-31,2,2,68,3 Room,Model A,2018,399000,5
Blk 742 Yishun Avenue 5,https://www.srx.com.sg/listings/100644631/for-sale-yishun-avenue-5-yishun-avenue-5,2,2,67,3 Room,New Generation,1985,399000,38
Blk 746 Woodlands Circle,https://www.srx.com.sg/listings/100466241/for-sale-woodlands-circle-woodlands-circle,3,2,102,4 Room,Model A,1998,399000,25
Blk 43 Telok Blangah Rise,https://www.srx.com.sg/listings/100558441/for-sale-telok-blangah-rise-471-segar-road,2,1,59,3 Room,Simplified,1976,440000,47
Blk 61 New Upper Changi Road,https://www.srx.com.sg/listings/98752021/for-sale-new-upper-changi-road-rare-renovated-5rm-flat-up-for-grab,2,2,115,5 Room,Model A,1977,440000,46
Blk 210 Yishun Street 21,https://www.srx.com.sg/listings/100170101/for-sale-yishun-street-21-yishun-street-21,2,2,67,3 Room,New Generation,1985,440000,38
Blk 427 Clementi Avenue 3,https://www.srx.com.sg/listings/100648961/for-sale-clementi-avenue-3-clementi-avenue-3,2,2,67,3 Room,New Generation,1978,348000,45
Blk 218 Jurong East Street 21,https://www.srx.com.sg/listings/98959431/for-sale-jurong-east-street-21-jurong-east-street-21,3,2,92,4 Room,New Generation,1984,348000,39
Blk 11 Chai Chee Road,https://www.srx.com.sg/listings/99962171/for-sale-chai-chee-road-chai-chee-road,3,2,120,5 Room,Improved,2001,348000,22
Blk 446A West Crest @ Bukit Batok,https://www.srx.com.sg/listings/99911771/for-sale-west-crest-bukit-batok-bukit-batok-west-avenue-8,3,3,112,5 Room,Improved,2019,818000,4
Blk 522C Tampines Central 7,https://www.srx.com.sg/listings/100434941/for-sale-tampines-central-7-tampines-central-7,3,2,113,5 Room,Improved,2015,818000,8
Blk 147 Lorong 2 Toa Payoh,https://www.srx.com.sg/listings/99736701/for-sale-lorong-2-toa-payoh-lorong-2-toa-payoh,3,2,110,5 Room,Improved,2006,818000,17
Blk 443C Bukit Batok West Avenue 8,https://www.srx.com.sg/listings/98456721/for-sale-bukit-batok-west-avenue-8-bukit-batok-west-avenue-8,3,2,92,4 Room,Model A,2019,499000,4
Blk 528 Jelapang Road,https://www.srx.com.sg/listings/99853201/for-sale-jelapang-road-jelapang-road,3,3,143,HDB Executive,Maisonette,1999,499000,24
Blk 115 Lorong 1 Toa Payoh,https://www.srx.com.sg/listings/100580101/for-sale-lorong-1-toa-payoh-lorong-1-toa-payoh,2,2,65,3 Room,Improved,1967,499000,56
Blk 57 Lorong 5 Toa Payoh,https://www.srx.com.sg/listings/100213381/for-sale-lorong-5-toa-payoh-lorong-5-toa-payoh,2,1,61,3 Room,Improved,1973,1000000,50
Blk 130 Bukit Batok West Avenue 6,https://www.srx.com.sg/listings/100294221/for-sale-bukit-batok-west-avenue-6-bukit-batok-west-avenue-6,3,2,103,4 Room,Model A,1984,1000000,39
Blk 980B Buangkok Crescent,https://www.srx.com.sg/listings/100618801/for-sale-buangkok-crescent-buangkok-crescent,3,2,110,None,None,None,1000000,None
Blk 320 Sembawang Close,https://www.srx.com.sg/listings/97175101/for-sale-sembawang-close-sembawang-close,3,2,100,None,None,None,450000,None
Blk 826 Yishun Street 81,https://www.srx.com.sg/listings/100543731/for-sale-yishun-street-81-pure-selling-serious-seller-and-can-contra-no-e,3,2,146,HDB Executive,Maisonette,1988,450000,35
Blk 34 Upper Cross Street,https://www.srx.com.sg/listings/100057901/for-sale-upper-cross-street-3-room-flat-for-sale-motivated-seller,2,1,65,3 Room,Improved,1975,450000,48
Blk 341A Sembawang Close,https://www.srx.com.sg/listings/100295051/for-sale-sembawang-close-sembawang-close,3,2,111,None,None,None,760000,None
Blk 259B Compassvale Road,https://www.srx.com.sg/listings/100488621/for-sale-compassvale-road-compassvale-road,3,2,85,4 Room,Model A2,2001,760000,22
Blk 436D Fernvale Road,https://www.srx.com.sg/listings/100533751/for-sale-fernvale-road-fernvale-road,2,2,70,3 Room,Model A,2010,760000,13
Blk 104B Edgefield Plains,https://www.srx.com.sg/listings/100488481/for-sale-edgefield-plains-edgefield-plains,3,2,110,5 Room,Improved,2003,599000,20
Blk 326C Punggol Vue,https://www.srx.com.sg/listings/100277961/for-sale-punggol-vue-sumang-walk,2,2,68,3 Room,Model A,2018,599000,5
Blk 673C Edgefield Plains,https://www.srx.com.sg/listings/100543471/for-sale-edgefield-plains-edgefield-plains,3,2,90,4 Room,Model A,2015,599000,8
Blk 76 Bedok North Road,https://www.srx.com.sg/listings/100421581/for-sale-bedok-north-road-bedok-north-road,2,1,59,3 Room,Improved,1978,788000,45
Blk 453A West Terra @ Bukit Batok,https://www.srx.com.sg/listings/100445941/for-sale-west-terra-bukit-batok-bukit-batok-west-avenue-6,4,2,115,5 Room,Improved,2019,788000,4
Blk 561B Spring Haven @ Jurong,https://www.srx.com.sg/listings/100264081/for-sale-spring-haven-jurong-jurong-west-street-42,3,2,93,4 Room,Model A,2018,788000,5
Blk 9 City View @ Boon Keng,https://www.srx.com.sg/listings/100569181/for-sale-city-view-boon-keng-boon-keng-road,3,3,107,5 Room,Model A,2011,518000,12
Blk 19 Eunos Crescent,https://www.srx.com.sg/listings/100252741/for-sale-eunos-crescent-eunos-crescent,6,4,130,HDB Executive,Jumbo,1977,518000,46
Blk 109 Spottiswoode Park Road,https://www.srx.com.sg/listings/99321071/for-sale-spottiswoode-park-road-spottiswoode-park-road,3,2,118,5 Room,Standard,1979,518000,44
Blk 50 Teban Gardens Road,https://www.srx.com.sg/listings/100562231/for-sale-teban-gardens-road-teban-gardens-road,3,3,146,HDB Executive,Maisonette,1986,420000,37
Blk 10 Jalan Bukit Ho Swee,https://www.srx.com.sg/listings/96063021/for-sale-jalan-bukit-ho-swee-prime-location-with-demand,1,1,35,2 Room,Standard,1971,420000,52
Blk 15 Upper Boon Keng Road,https://www.srx.com.sg/listings/100674861/for-sale-upper-boon-keng-road-upper-boon-keng-road,3,2,88,4 Room,Improved,1975,420000,48
Blk 366A Sembawang Crescent,https://www.srx.com.sg/listings/100562701/for-sale-sembawang-crescent-sembawang-crescent,1,1,48,2 Room,Model A,2019,580000,4
Blk 442 Ang Mo Kio Avenue 10,https://www.srx.com.sg/listings/99971001/for-sale-ang-mo-kio-avenue-10-ang-mo-kio-avenue-10,2,2,67,None,None,None,580000,None
Blk 448 Choa Chu Kang Avenue 4,https://www.srx.com.sg/listings/100164911/for-sale-choa-chu-kang-avenue-4-choa-chu-kang-avenue-4,4,3,143,HDB Executive,Maisonette,1997,580000,26
Blk 59 Strathmore Avenue,https://www.srx.com.sg/listings/100326721/for-sale-strathmore-avenue-strathmore-avenue,3,2,96,4 Room,Model A,2000,630000,23
Blk 117 Serangoon North Avenue 1,https://www.srx.com.sg/listings/100504061/for-sale-serangoon-north-avenue-1-117-serangoon-north-avenue-1,3,2,121,5 Room,Improved,1985,630000,38
Blk 328 Woodlands Street 32,https://www.srx.com.sg/listings/100603691/for-sale-woodlands-street-32-woodlands-street-32,4,3,163,None,None,None,630000,None
Blk 173B Punggol Field,https://www.srx.com.sg/listings/100692961/for-sale-punggol-field-punggol-field,3,None,110,5 Room,Improved,2003,636000,20
Blk 162 Simei Road,https://www.srx.com.sg/listings/100692921/for-sale-simei-road-simei-road,3,None,122,5 Room,Improved,1989,636000,34
Blk 116 Bedok North Road,https://www.srx.com.sg/listings/100045911/for-sale-bedok-north-road-bedok-north-road,3,None,88,3 Room,New Generation,1978,636000,45
Blk 567 Hougang Street 51,https://www.srx.com.sg/listings/100518761/for-sale-hougang-street-51-hougang-street-51,3,2,99,4 Room,New Generation,1997,428000,26
Blk 529 Jurong West Street 52,https://www.srx.com.sg/listings/100483831/for-sale-jurong-west-street-52-jurong-west-street-52,3,2,118,5 Room,Improved,1982,428000,41
Blk 99C Lorong 2 Toa Payoh,https://www.srx.com.sg/listings/100407981/for-sale-lorong-2-toa-payoh-lorong-2-toa-payoh,4,2,149,HDB Executive,Apartment,1993,428000,30
Blk 108 Rivervale Walk,https://www.srx.com.sg/listings/98319701/for-sale-rivervale-walk-rivervale-walk,3,2,101,4 Room,Model A,1999,550000,24
Blk 35 Marine Crescent Ville,https://www.srx.com.sg/listings/96255731/for-sale-marine-crescent-ville-marine-crescent,3,2,82,4 Room,Improved,1975,550000,48
Blk 615 Bedok Reservoir Road,https://www.srx.com.sg/listings/100023131/for-sale-bedok-reservoir-road-bedok-reservoir-road,2,2,68,3 Room,New Generation,1981,550000,42
Blk 718 Bedok Reservoir Road,https://www.srx.com.sg/listings/100358521/for-sale-bedok-reservoir-road-bedok-reservoir-road,3,2,104,4 Room,Model A,1984,366000,39
Blk 365 Tampines Street 34,https://www.srx.com.sg/listings/100648691/for-sale-tampines-street-34-tampines-street-34,3,2,100,4 Room,Model A,1997,366000,26
Blk 204 Serangoon Central,https://www.srx.com.sg/listings/100346871/for-sale-serangoon-central-serangoon-central,3,2,84,4 Room,Simplified,1985,366000,38
Blk 321 Sembawang Close,https://www.srx.com.sg/listings/100372981/for-sale-sembawang-close-sembawang-close,3,2,119,5 Room,Improved,1999,750000,24
Blk 662B Edgedale Plains,https://www.srx.com.sg/listings/100150051/for-sale-edgedale-plains-edgedale-plains,2,2,68,None,None,None,750000,None
Blk 509 Bukit Batok Street 52,https://www.srx.com.sg/listings/100692511/for-sale-bukit-batok-street-52-bukit-batok-street-52,3,None,84,4 Room,Simplified,1987,750000,36
Blk 351A Canberra Road,https://www.srx.com.sg/listings/98465721/for-sale-canberra-road-canberra-road,3,2,110,5 Room,Improved,2001,450000,22
Blk 462B Blossom Spring @ Yishun,https://www.srx.com.sg/listings/100484011/for-sale-blossom-spring-yishun-yishun-avenue-6,2,2,68,3 Room,Model A,2018,450000,5
Blk 271C Jurong West Street 24,https://www.srx.com.sg/listings/100549491/for-sale-jurong-west-street-24-5rm-premium-apartment-design-and-build,3,2,113,5 Room,Improved,2003,450000,20
Blk 245 Pasir Ris Street 21,https://www.srx.com.sg/listings/99368311/for-sale-pasir-ris-street-21-pasir-ris-street-21,3,2,148,HDB Executive,Apartment,1993,435000,30
Blk 405 Pasir Ris Drive 6,https://www.srx.com.sg/listings/100703201/for-sale-pasir-ris-drive-6-walking-distance-to-mrt-station,3,2,106,4 Room,Model A,1989,435000,34
Blk 64 Telok Blangah Drive,https://www.srx.com.sg/listings/100385521/for-sale-telok-blangah-drive-telok-blangah-drive,2,2,67,3 Room,New Generation,1978,435000,45
Blk 115A Eastlace @ Canberra,https://www.srx.com.sg/listings/100157821/for-sale-eastlace-canberra-canberra-walk,3,2,93,4 Room,Model A,2018,545000,5
Blk 329 Serangoon Avenue 3,https://www.srx.com.sg/listings/100696151/for-sale-serangoon-avenue-3-for-sale-4s-blk-329-serangoon-ave-3,3,2,89,4 Room,Simplified,1986,545000,37
Blk 149 Silat Avenue,https://www.srx.com.sg/listings/100607371/for-sale-silat-avenue-silat-avenue,2,2,83,3 Room,New Generation,1982,545000,41
Blk 620 Ang Mo Kio Avenue 9,https://www.srx.com.sg/listings/99005141/for-sale-ang-mo-kio-avenue-9-5i-renovated-move-in-unit-for-sale,3,2,121,5 Room,Improved,1980,950000,43
Blk 149 Silat Avenue,https://www.srx.com.sg/listings/100617701/for-sale-silat-avenue-silat-avenue,2,2,82,3 Room,New Generation,1982,950000,41
Blk 830A Jurong West Street 81,https://www.srx.com.sg/listings/100316431/for-sale-jurong-west-street-81-jurong-west-street-81,3,2,146,HDB Executive,Apartment,1993,950000,30
Blk 59C Geylang Bahru,https://www.srx.com.sg/listings/100616721/for-sale-geylang-bahru-geylang-bahru,3,2,120,5 Room,Improved,1998,710000,25
Blk 830A Jurong West Street 81,https://www.srx.com.sg/listings/100343351/for-sale-jurong-west-street-81-jurong-west-street-81,3,2,146,HDB Executive,Apartment,1993,710000,30
Blk 311B Trivelis,https://www.srx.com.sg/listings/98951391/for-sale-trivelis-clementi-avenue-4,3,2,79,4 Room,Model A,2014,710000,9
Blk 69 Telok Blangah Heights,https://www.srx.com.sg/listings/100105071/for-sale-telok-blangah-heights-telok-blangah-heights,3,2,93,4 Room,New Generation,1978,860000,45
Blk 22 Teban Vista,https://www.srx.com.sg/listings/100702821/for-sale-teban-vista-rare-and-quiet-facing-high-floor-4-rm-hdb-next-to,3,2,92,4 Room,Standard,2013,860000,10
Blk 345 Kang Ching Road,https://www.srx.com.sg/listings/100546871/for-sale-kang-ching-road-kang-ching-road,3,2,102,4 Room,Model A,1997,860000,26
Blk 481 Jurong West Street 41,https://www.srx.com.sg/listings/100212541/for-sale-jurong-west-street-41-jurong-west-street-41,2,2,66,3 Room,New Generation,1985,1210000,38
Blk 244 Jurong East Street 24,https://www.srx.com.sg/listings/100702741/for-sale-jurong-east-street-24-high-floor-no-noon-sun,2,2,67,3 Room,Improved(modified),1983,1210000,40
Blk 505 Serangoon North Avenue 4,https://www.srx.com.sg/listings/100417661/for-sale-serangoon-north-avenue-4-serious-seller-high-floor-unblocked-view-all-rac,4,2,124,5 Room,Standard,1992,1210000,31
Blk 289A Compassvale Crescent,https://www.srx.com.sg/listings/100270731/for-sale-compassvale-crescent-compassvale-crescent,3,2,113,5 Room,Premium Apartment,2017,550000,6
Blk 1 Dover Road,https://www.srx.com.sg/listings/100575971/for-sale-dover-road-dover-road,3,2,73,3 Room,Improved,1975,550000,48
Blk 524B Tampines Greenleaf,https://www.srx.com.sg/listings/100681321/for-sale-tampines-greenleaf-tampines-central-7,3,2,93,4 Room,Model A,2015,550000,8
Blk 475D Parkland Residences,https://www.srx.com.sg/listings/99990001/for-sale-parkland-residences-upper-serangoon-crescent,3,2,92,4 Room,Model A,2014,868000,9
Blk 182B Marsiling Greenview,https://www.srx.com.sg/listings/100692251/for-sale-marsiling-greenview-marsiling-greenview,3,None,113,5 Room,Improved,2018,868000,5
Blk 519A Centrale 8 At Tampines,https://www.srx.com.sg/listings/99161451/for-sale-centrale-8-at-tampines-blk-519a-tampines-central-4room-dbss-for-sales,3,2,83,4 Room,Premium Apartment,2014,868000,9
Blk 49 Pine Green,https://www.srx.com.sg/listings/99946091/for-sale-pine-green-blk-49-jalan-tiga-4room-for-sales-corner-unit-mr,3,2,93,4 Room,Model A,2005,360000,18
Blk 49 Pine Green,https://www.srx.com.sg/listings/100366561/for-sale-pine-green-jalan-tiga,3,2,93,4 Room,Model A,2005,360000,18
Blk 511B Oleander Breeze @ Yishun,https://www.srx.com.sg/listings/97881731/for-sale-oleander-breeze-yishun-blk-511b-yishun-5-room-for-sale-newly-mop,3,2,113,5 Room,Improved,2017,360000,6
Blk 511B Oleander Breeze @ Yishun,https://www.srx.com.sg/listings/100366681/for-sale-oleander-breeze-yishun-yishun-street-51,3,2,113,5 Room,Improved,2017,358000,6
Blk 934 Jurong West Street 91,https://www.srx.com.sg/listings/100357571/for-sale-jurong-west-street-91-jurong-west-street-91,3,2,122,5 Room,Improved,1988,358000,35
Blk 542 Serangoon North Avenue 4,https://www.srx.com.sg/listings/100544261/for-sale-serangoon-north-avenue-4-serangoon-north-avenue-4,None,None,147,HDB Executive,Maisonette,1992,358000,31
Blk 64 Telok Blangah Drive,https://www.srx.com.sg/listings/100676641/for-sale-telok-blangah-drive-telok-blangah-drive,2,2,67,3 Room,New Generation,1978,538000,45
Blk 55 Chai Chee Drive,https://www.srx.com.sg/listings/100472251/for-sale-chai-chee-drive-chai-chee-drive,2,2,76,3 Room,Model A,1984,538000,39
Blk 156 Ang Mo Kio Avenue 4,https://www.srx.com.sg/listings/100691541/for-sale-ang-mo-kio-avenue-4-pure-sale-no-extension-corner-middle-floor,2,2,82,3 Room,New Generation(modified),1981,538000,42
Blk 470C Hougang Parkview,https://www.srx.com.sg/listings/100692181/for-sale-hougang-parkview-hougang-parkview,3,None,92,4 Room,Model A,2015,690000,8
Blk 606 Yishun Street 61,https://www.srx.com.sg/listings/100518751/for-sale-yishun-street-61-yishun-street-61,3,2,142,HDB Executive,Apartment,1987,690000,36
Blk 606 Yishun Street 61,https://www.srx.com.sg/listings/100513201/for-sale-yishun-street-61-yishun-street-61,3,2,142,HDB Executive,Apartment,1987,690000,36
Blk 310 Shunfu Gardens,https://www.srx.com.sg/listings/100340061/for-sale-shunfu-gardens-shunfu-road,3,2,121,5 Room,Improved,1984,538000,39
Blk 285B Toh Guan Road,https://www.srx.com.sg/listings/100398801/for-sale-toh-guan-road-toh-guan-road,3,2,102,4 Room,Model A,1998,538000,25
Blk 812C Choa Chu Kang Avenue 7,https://www.srx.com.sg/listings/100444271/for-sale-choa-chu-kang-avenue-7-high-floor-above-level-10-corner-unit-unblocked,3,2,113,5 Room,Improved,2017,538000,6
Blk 66 Bedok South Avenue 3,https://www.srx.com.sg/listings/100666131/for-sale-bedok-south-avenue-3-bedok-south-avenue-3,3,2,123,5 Room,Standard,1977,825000,46
Blk 461 Pasir Ris Drive 4,https://www.srx.com.sg/listings/99347651/for-sale-pasir-ris-drive-4-pasir-ris-drive-4,3,2,104,4 Room,Model A,1992,825000,31
Blk 118 Edgefield Plains,https://www.srx.com.sg/listings/100226281/for-sale-edgefield-plains-edgefield-plains,4,2,130,HDB Executive,Apartment,2003,825000,20
Blk 686 Hougang Street 61,https://www.srx.com.sg/listings/100597031/for-sale-hougang-street-61-spacious-5-room-hdb-hougang,3,2,121,None,None,None,438000,None
Blk 570 Ang Mo Kio Avenue 3,https://www.srx.com.sg/listings/100646111/for-sale-ang-mo-kio-avenue-3-ang-mo-kio-avenue-3,2,1,67,3 Room,Model A,1979,438000,44
Blk 707 Choa Chu Kang Street 53,https://www.srx.com.sg/listings/100159181/for-sale-choa-chu-kang-street-53-choa-chu-kang-5rm-unit-for-sale,3,2,128,5 Room,Improved,1995,438000,28
Blk 357 Hougang Avenue 7,https://www.srx.com.sg/listings/99565151/for-sale-hougang-avenue-7-hougang-avenue-7,3,3,148,HDB Executive,Maisonette,1985,748000,38
Blk 846 Jurong West Street 81,https://www.srx.com.sg/listings/100255271/for-sale-jurong-west-street-81-jurong-west-street-81,4,2,135,5 Room,Improved,1996,748000,27
Blk 118 Yishun Ring Road,https://www.srx.com.sg/listings/100690261/for-sale-yishun-ring-road-yishun-ring-road,2,2,74,3 Room,Model A,1983,748000,40
Blk 673C Edgefield Plains,https://www.srx.com.sg/listings/100690221/for-sale-edgefield-plains-edgefield-plains,3,2,90,4 Room,Standard,2015,525000,8
Blk 118D Jalan Membina,https://www.srx.com.sg/listings/98730661/for-sale-jalan-membina-jalan-membina,3,2,90,4 Room,Model A,2003,525000,20
Blk 691B Choa Chu Kang Crescent,https://www.srx.com.sg/listings/100396511/for-sale-choa-chu-kang-crescent-choa-chu-kang-crescent,3,2,90,4 Room,Model A,2003,525000,20
Blk 691B Choa Chu Kang Crescent,https://www.srx.com.sg/listings/100402171/for-sale-choa-chu-kang-crescent-choa-chu-kang-crescent,3,2,90,4 Room,Model A,2003,469000,20
Blk 126 Pasir Ris Street 11,https://www.srx.com.sg/listings/99874281/for-sale-pasir-ris-street-11-pasir-ris-street-11,2,2,106,4 Room,Model A,1989,469000,34
Blk 674A Jurong West Street 65,https://www.srx.com.sg/listings/100277511/for-sale-jurong-west-street-65-jurong-west-street-65,3,2,91,4 Room,Model A,2002,469000,21
Blk 169 Toa Payoh Green,https://www.srx.com.sg/listings/99712541/for-sale-toa-payoh-green-lorong-1-toa-payoh,2,1,76,3 Room,Improved,1972,588000,51
Blk 20 Marine Terrace,https://www.srx.com.sg/listings/99276161/for-sale-marine-terrace-rare-corner-unit,2,2,76,3 Room,Improved,1975,588000,48
Blk 275C Jurong West Street 25,https://www.srx.com.sg/listings/100661161/for-sale-jurong-west-street-25-jurong-west-street-25,3,2,111,5 Room,Improved,2002,588000,21
Blk 156 Rivervale Crescent,https://www.srx.com.sg/listings/100692231/for-sale-rivervale-crescent-attractive-unblocked-4rm-hdb-for-sale-call-9386,3,2,92,4 Room,Model A,2005,489000,18
Blk 66 Lorong 4 Toa Payoh,https://www.srx.com.sg/listings/100692131/for-sale-lorong-4-toa-payoh-3rm-with-utility-room-unit-for-sale,2,1,64,3 Room,Standard,1969,489000,54
Blk 91 Skyterrace @ Dawson,https://www.srx.com.sg/listings/100380141/for-sale-skyterrace-dawson-dawson-road,2,2,65,3 Room,Model A,2016,489000,7
Blk 614 Choa Chu Kang Street 62,https://www.srx.com.sg/listings/100513461/for-sale-choa-chu-kang-street-62-4a-choa-chu-kang-vacant-unit,3,2,108,4 Room,Model A,1996,590000,27
Blk 15 Ghim Moh Road,https://www.srx.com.sg/listings/75934982/for-sale-ghim-moh-road-ghim-moh-road,3,2,84,4 Room,Improved,1977,590000,46
Blk 301 Tampines Street 32,https://www.srx.com.sg/listings/100375231/for-sale-tampines-street-32-tampines-street-32,4,2,125,None,None,None,590000,None
Blk 323B Sengkang East Way,https://www.srx.com.sg/listings/100695311/for-sale-sengkang-east-way-very-convenient-location,3,2,90,4 Room,Model A,2002,350000,21
Blk 549 Pasir Ris Street 51,https://www.srx.com.sg/listings/98122881/for-sale-pasir-ris-street-51-pasir-ris-street-51,4,3,154,HDB Executive,Maisonette,1992,350000,31
Blk 150 Bukit Batok Street 11,https://www.srx.com.sg/listings/100465701/for-sale-bukit-batok-street-11-bukit-batok-street-11,2,2,68,3 Room,New Generation,1998,350000,25
Blk 219 Serangoon Avenue 4,https://www.srx.com.sg/listings/93107101/for-sale-serangoon-avenue-4-8mins-walk-to-serangoon-central-mrt-station-and-ne,3,2,91,4 Room,New Generation,1984,780000,39
Blk 472A Fernvale Rivergrove,https://www.srx.com.sg/listings/100126641/for-sale-fernvale-rivergrove-fernvale-street,3,2,93,4 Room,Model A,2016,780000,7
Blk 712 Pasir Ris Street 72,https://www.srx.com.sg/listings/100465811/for-sale-pasir-ris-street-72-pasir-ris-street-72,3,2,148,HDB Executive,Apartment,1996,780000,27
Blk 678 Admiralty Place,https://www.srx.com.sg/listings/99711601/for-sale-admiralty-place-woodlands-avenue-6,3,2,123,5 Room,Improved,1998,570000,25
Blk 417 Jurong West Street 42,https://www.srx.com.sg/listings/100695881/for-sale-jurong-west-street-42-jurong-west-street-42,3+1,None,84,4 Room,Simplified,1985,570000,38
Blk 336 Hougang Avenue 7,https://www.srx.com.sg/listings/100371811/for-sale-hougang-avenue-7-hougang-avenue-7,3,2,91,4 Room,New Generation,1985,570000,38
Blk 95B City Vue @henderson,https://www.srx.com.sg/listings/100539081/for-sale-city-vue-henderson-henderson-road,2,2,68,3 Room,Model A,2019,1100000,4
Blk 789 Woodlands Avenue 6,https://www.srx.com.sg/listings/100693381/for-sale-woodlands-avenue-6-6-min-walk-to-admiralty-mrt-nicely-renovated-unit,3+1,2,141,HDB Executive,Multi Generation,1997,1100000,26
Blk 540 Bedok North Street 3,https://www.srx.com.sg/listings/100359821/for-sale-bedok-north-street-3-best-of-bedok,3,2,93,4 Room,New Generation,1980,1100000,43
Blk 186 Bishan Street 13,https://www.srx.com.sg/listings/100530841/for-sale-bishan-street-13-bishan-street-13,5,3,153,HDB Executive,Maisonette,1987,858000,36
Blk 232A Sumang Lane,https://www.srx.com.sg/listings/99947171/for-sale-sumang-lane-sumang-lane,3,2,113,None,None,None,858000,None
Blk 63 Kallang Bahru,https://www.srx.com.sg/listings/100577171/for-sale-kallang-bahru-kallang-bahru,4,2,130,HDB Executive,Jumbo,1974,858000,49
Blk 66 Bedok South Avenue 3,https://www.srx.com.sg/listings/100666131/for-sale-bedok-south-avenue-3-bedok-south-avenue-3,3,2,123,5 Room,Standard,1977,880000,46
Blk 508B Wellington View,https://www.srx.com.sg/listings/99967331/for-sale-wellington-view-spacious-and-efficient-layout,3,2,90,4 Room,Model A,2004,880000,19
Blk 299A Compassvale Street,https://www.srx.com.sg/listings/100567051/for-sale-compassvale-street-compassvale-street,3,2,113,4 Room,Model A,2001,880000,22
Blk 296B Skyline II @ Bukit Batok,https://www.srx.com.sg/listings/100544681/for-sale-skyline-ii-bukit-batok-bukit-batok-street-22,2,2,68,3 Room,Model A,2018,740000,5
Blk 410 Yishun Ring Road,https://www.srx.com.sg/listings/100545821/for-sale-yishun-ring-road-yishun-ring-road,3,2,105,4 Room,Model A,1988,740000,35
Blk 172 Bukit Batok West Avenue 8,https://www.srx.com.sg/listings/100480701/for-sale-bukit-batok-west-avenue-8-bukit-batok-west-avenue-8,3,2,103,4 Room,Model A,1985,740000,38
Blk 95A City Vue @henderson,https://www.srx.com.sg/listings/99967691/for-sale-city-vue-henderson-henderson-road,3,2,83,4 Room,Model A,2019,245000,4
Blk 547 Jurong West Street 42,https://www.srx.com.sg/listings/100206411/for-sale-jurong-west-street-42-jurong-west-street-42,3,3,137,5 Room,Model A,1984,245000,39
Blk 140C Yung Ho Spring I,https://www.srx.com.sg/listings/100551211/for-sale-yung-ho-spring-i-corporation-drive,3,2,93,4 Room,Model A,2019,245000,4
Blk 288B Compassvale Crescent,https://www.srx.com.sg/listings/100636441/for-sale-compassvale-crescent-compassvale-crescent,3,2,113,5 Room,Improved,2017,509000,6
Blk 4 Lorong Lew Lian,https://www.srx.com.sg/listings/100593121/for-sale-lorong-lew-lian-no-extension-well-maintained-with-minimal-renovati,2,2,73,3 Room,Improved(modified),1978,509000,45
Blk 187 Boon Lay Avenue,https://www.srx.com.sg/listings/100272751/for-sale-boon-lay-avenue-boon-lay-avenue,2,2,68,3 Room,Improved,1978,509000,45
Blk 298A Compassvale Street,https://www.srx.com.sg/listings/100672171/for-sale-compassvale-street-compassvale-street,3,2,93,4 Room,Model A,2001,330000,22
Blk 261 Bishan Street 22,https://www.srx.com.sg/listings/100566131/for-sale-bishan-street-22-bishan-street-22,4,2,147,HDB Executive,Maisonette,1992,330000,31
Blk 34 Upper Cross Street,https://www.srx.com.sg/listings/100075581/for-sale-upper-cross-street-upper-cross-street,2,1,65,3 Room,Improved,1975,330000,48
Blk 208 Petir Road,https://www.srx.com.sg/listings/100273201/for-sale-petir-road-petir-road,3,2,84,4 Room,Simplified,1988,400000,35
Blk 85 Circuit Road,https://www.srx.com.sg/listings/100046821/for-sale-circuit-road-circuit-road,2,2,60,3 Room,Improved,1970,400000,53
Blk 319 Woodlands Street 31,https://www.srx.com.sg/listings/96058641/for-sale-woodlands-street-31-bundle-sale-3a-reno-hdb-woodland-street-31-complet,2,2,73,3 Room,Model A,1993,400000,30
Blk 524 Bukit Batok Street 52,https://www.srx.com.sg/listings/99196161/for-sale-bukit-batok-street-52-bukit-batok-street-52,3,3,146,HDB Executive,Maisonette,1987,850000,36
Blk 65 Circuit Road,https://www.srx.com.sg/listings/100470221/for-sale-circuit-road-near-amenities-downtown-line-mrt,2,2,59,3 Room,Standard,1967,850000,56
Blk 1 Dover Road,https://www.srx.com.sg/listings/100575971/for-sale-dover-road-dover-road,3,2,73,3 Room,Improved,1975,850000,48
Blk 987A Jurong West Street 93,https://www.srx.com.sg/listings/100670261/for-sale-jurong-west-street-93-corner-4rm-well-kept-near-mrt-ntu-schools-hawk,3,2,93,4 Room,Model A2,2008,768000,15
Blk 505 Serangoon North Avenue 4,https://www.srx.com.sg/listings/100423371/for-sale-serangoon-north-avenue-4-serangoon-north-avenue-4,4,2,124,5 Room,Improved,1992,768000,31
Blk 505 Serangoon North Avenue 4,https://www.srx.com.sg/listings/100615861/for-sale-serangoon-north-avenue-4-serangoon-north-avenue-4,4,2,124,5 Room,Improved,1992,768000,31
Blk 321 Hougang Avenue 5,https://www.srx.com.sg/listings/100226651/for-sale-hougang-avenue-5-hougang-avenue-5,2,2,67,3 Room,New Generation,1983,698888,40
Blk 578 Ang Mo Kio Avenue 10,https://www.srx.com.sg/listings/100513511/for-sale-ang-mo-kio-avenue-10-ang-mo-kio-avenue-10,4,3,149,HDB Executive,Apartment,1980,698888,43
Blk 636 Woodlands Ring Road,https://www.srx.com.sg/listings/99059121/for-sale-woodlands-ring-road-woodlands-ring-road,4,3,142,None,None,None,698888,None
Blk 207A Punggol Sails,https://www.srx.com.sg/listings/100548381/for-sale-punggol-sails-4a-hdb-3-bedrooms-unit-at-blk-207a-punggol-place,3,2,92,4 Room,Model A,2014,930000,9
Blk 180B Boon Lay Drive,https://www.srx.com.sg/listings/100559851/for-sale-boon-lay-drive-must-view-2a-corner-privacy-breezy-big-living,1,1,47,2 Room,Model A,2014,930000,9
Blk 289E Bukit Batok Street 25,https://www.srx.com.sg/listings/100702541/for-sale-bukit-batok-street-25-rare-4a-unit-for-sale,3,2,102,4 Room,Model A,1998,930000,25
Blk 119 Bedok North Road,https://www.srx.com.sg/listings/100607161/for-sale-bedok-north-road-bedok-north-road,3,2,92,4 Room,New Generation,1978,590000,45
Blk 133 Bedok North Avenue 3,https://www.srx.com.sg/listings/100667071/for-sale-bedok-north-avenue-3-bedok-north-avenue-3,3,2,92,4 Room,New Generation,1978,590000,45
Blk 589C Montreal Drive,https://www.srx.com.sg/listings/97128251/for-sale-montreal-drive-all-races-pr-eligible,3,2,110,5 Room,Improved,2002,590000,21
Blk 589C Montreal Drive,https://www.srx.com.sg/listings/99373821/for-sale-montreal-drive-montreal-drive,3,2,110,5 Room,Improved,2002,610000,21
Blk 312A Anchorvale Lane,https://www.srx.com.sg/listings/99958261/for-sale-anchorvale-lane-anchorvale-lane,4,2,130,HDB Executive,Apartment,2002,610000,21
Blk 150A Yung Ho Spring II,https://www.srx.com.sg/listings/100705241/for-sale-yung-ho-spring-ii-yung-ho-spring-ii,1,None,47,2 Room,Standard,2019,610000,4
Blk 544 Jurong West Street 42,https://www.srx.com.sg/listings/94951391/for-sale-jurong-west-street-42-hdb-3room-for-sale-in-popular-location,2,2,74,3 Room,Model A(modified),1984,480000,39
Blk 429B Orchid Spring @ Yishun,https://www.srx.com.sg/listings/100687501/for-sale-orchid-spring-yishun-charming-blk-429b-yishun-home-for-sale-dream-home,3,2,92,4 Room,Model A,2015,480000,8
Blk 30 Marine Crescent Ville,https://www.srx.com.sg/listings/100701961/for-sale-marine-crescent-ville-hdb-3room-improved-besides-tao-nan-school,3,2,76,3 Room,Improved,1975,480000,48
Blk 25B Jalan Membina,https://www.srx.com.sg/listings/99406111/for-sale-jalan-membina-jalan-membina,3,2,110,5 Room,Improved,2009,599000,14
Blk 30 Jalan Klinik,https://www.srx.com.sg/listings/100534231/for-sale-jalan-klinik-jalan-klinik,3,1,68,3 Room,Simplified,1969,599000,54
Blk 678B Punggol Drive,https://www.srx.com.sg/listings/100695841/for-sale-punggol-drive-4-room-hdb-got-sale,3,2,93,4 Room,Model A,2016,599000,7
Blk 468C Admiralty Drive,https://www.srx.com.sg/listings/100220651/for-sale-admiralty-drive-admiralty-drive,4,2,137,HDB Executive,Apartment,2001,650000,22
Blk 351B Canberra Road,https://www.srx.com.sg/listings/98727311/for-sale-canberra-road-5i-coner-351b-canberra-ground-flr,3,2,110,5 Room,Improved,2001,650000,22
Blk 324 Tah Ching Road,https://www.srx.com.sg/listings/100052921/for-sale-tah-ching-road-tah-ching-road,4,2,122,5 Room,Improved,1997,650000,26
Blk 623 Senja Road,https://www.srx.com.sg/listings/100644811/for-sale-senja-road-senja-road,3,2,110,5 Room,Improved,2001,1550000,22
Blk 448 Jade Spring @ Yishun,https://www.srx.com.sg/listings/100403791/for-sale-jade-spring-yishun-4a-corner-yishun-448-nicely-reno,3,2,92,4 Room,Model A,2012,1550000,11
Blk 365 Clementi Avenue 2,https://www.srx.com.sg/listings/98519721/for-sale-clementi-avenue-2-clementi-avenue-2,2,2,67,3 Room,New Generation,1978,1550000,45
Blk 365 Clementi Avenue 2,https://www.srx.com.sg/listings/98507341/for-sale-clementi-avenue-2-clementi-avenue-2,2,2,67,None,None,None,560000,None
Blk 9B Tiong Bahru View,https://www.srx.com.sg/listings/100552001/for-sale-tiong-bahru-view-boon-tiong-road,3,2,92,4 Room,Model A,2016,560000,7
Blk 219B Bedok Central,https://www.srx.com.sg/listings/99755511/for-sale-bedok-central-4a-corner-bedok-central-blk-219b,4,2,97,4 Room,Model A,2010,560000,13
Blk 9 Holland Avenue,https://www.srx.com.sg/listings/99945141/for-sale-holland-avenue-no-extension-corner-unit-with-2-bedrooms-1-util,3,2,65,3 Room,Improved,1974,540000,49
Blk 51 Lengkok Bahru,https://www.srx.com.sg/listings/99707581/for-sale-lengkok-bahru-nicely-renovated-corner-unit-as-good-as-showroom,3,2,122,5 Room,Improved,1986,540000,37
Blk 115 Jurong East Street 13,https://www.srx.com.sg/listings/100422861/for-sale-jurong-east-street-13-cheap-mid-floor-unit-selling-3xxk-only-grab,2,2,67,3 Room,New Generation,1981,540000,42
Blk 6 Hougang Avenue 3,https://www.srx.com.sg/listings/100327141/for-sale-hougang-avenue-3-no-extension-lift-hip-upgrading-works-completed,2,2,59,3 Room,Improved,1975,395000,48
Blk 732 Jurong West Street 73,https://www.srx.com.sg/listings/100459091/for-sale-jurong-west-street-73-4a-next-to-corner-blk-732-jurong-west,3,2,103,4 Room,Model A,1995,395000,28
Blk 58 Circuit Road,https://www.srx.com.sg/listings/99892591/for-sale-circuit-road-circuit-road,2,1,56,None,None,None,395000,None
Blk 407B Fernvale Road,https://www.srx.com.sg/listings/100269331/for-sale-fernvale-road-fernvale-road,3,2,110,5 Room,Model A,2005,560000,18
Blk 449B West Valley @ Bukit Batok,https://www.srx.com.sg/listings/99566031/for-sale-west-valley-bukit-batok-bukit-batok-west-avenue-9,3,2,93,4 Room,Model A,2019,560000,4
Blk 714 Jurong West Street 71,https://www.srx.com.sg/listings/100299341/for-sale-jurong-west-street-71-jurong-west-street-71,4,3,148,HDB Executive,Maisonette,1991,560000,32
Blk 321 Sembawang Close,https://www.srx.com.sg/listings/100478051/for-sale-sembawang-close-5i-corner-semb-close-321,3,2,123,5 Room,Improved,1999,569000,24
Blk 308A Ang Mo Kio Avenue 1,https://www.srx.com.sg/listings/100006651/for-sale-ang-mo-kio-avenue-1-ang-mo-kio-avenue-1,3,2,94,4 Room,Model A,2012,569000,11
Blk 182 Ang Mo Kio Avenue 5,https://www.srx.com.sg/listings/100705171/for-sale-ang-mo-kio-avenue-5-ang-mo-kio-avenue-5,3,2,68,3 Room,New Generation,1981,569000,42
Blk 221B Sumang Lane,https://www.srx.com.sg/listings/100705121/for-sale-sumang-lane-sumang-lane,1,1,37,2 Room,Model A,2018,700000,5
Blk 740 Tampines Street 72,https://www.srx.com.sg/listings/100705001/for-sale-tampines-street-72-tampines-street-72,3,2,141,HDB Executive,Apartment,1997,700000,26
Blk 93A Telok Blangah Street 31,https://www.srx.com.sg/listings/100704991/for-sale-telok-blangah-street-31-telok-blangah-street-31,2,2,68,3 Room,Model A,2018,700000,5
Blk 117 Simei Street 1,https://www.srx.com.sg/listings/100704971/for-sale-simei-street-1-simei-street-1,3,2,122,5 Room,Improved,1988,635000,35
Blk 758 Jurong West Street 74,https://www.srx.com.sg/listings/100704861/for-sale-jurong-west-street-74-jurong-west-street-74,4,2,124,5 Room,Improved,1996,635000,27
Blk 808 Woodlands Street 81,https://www.srx.com.sg/listings/99884911/for-sale-woodlands-street-81-woodlands-street-81,2,2,73,3 Room,Model A,1994,635000,29
Blk 828 Jurong West Street 81,https://www.srx.com.sg/listings/100704631/for-sale-jurong-west-street-81-jurong-west-street-81,4,2,145,HDB Executive,Apartment,1993,488000,30
Blk 1 Dover Road,https://www.srx.com.sg/listings/100688441/for-sale-dover-road-rare-corner-3i-for-sales,3,2,65,3 Room,Improved,1975,488000,48
Blk 13 Lorong 7 Toa Payoh,https://www.srx.com.sg/listings/100598191/for-sale-lorong-7-toa-payoh-lorong-7-toa-payoh,1,2,66,3 Room,Improved,1970,488000,53
Blk 561A Spring Haven @ Jurong,https://www.srx.com.sg/listings/100703301/for-sale-spring-haven-jurong-jurong-west-street-42,2,2,68,None,None,None,458000,None
Blk 9 City View @ Boon Keng,https://www.srx.com.sg/listings/96208961/for-sale-city-view-boon-keng-boon-keng-road,3,2,107,5 Room,Model A,2011,458000,12
Blk 1 Dover Road,https://www.srx.com.sg/listings/100688341/for-sale-dover-road-rare-corner-3i-for-sales,3,2,65,3 Room,Improved,1975,458000,48
Blk 228C Compassvale Walk,https://www.srx.com.sg/listings/99104811/for-sale-compassvale-walk-compassvale-walk,3,2,121,5 Room,Model A,2000,580000,23
Blk 186B Fengshan Greenville,https://www.srx.com.sg/listings/99868881/for-sale-fengshan-greenville-bedok-north-street-4,3,2,93,4 Room,Model A,2018,580000,5
Blk 916 Hougang Avenue 9,https://www.srx.com.sg/listings/100521701/for-sale-hougang-avenue-9-hougang-avenue-9,3,2,120,None,None,None,580000,None
Blk 104 Townerville,https://www.srx.com.sg/listings/100688251/for-sale-townerville-rare-squarish-layout-109sqm-4room-corner-flat-in-m,3,2,109,4 Room,Model A,1983,460000,40
Blk 1 Dover Road,https://www.srx.com.sg/listings/100688271/for-sale-dover-road-rare-corner-3i-for-sales,3,2,65,3 Room,Improved,1975,460000,48
Blk 1 Dover Road,https://www.srx.com.sg/listings/100688241/for-sale-dover-road-rare-corner-3i-for-sales,3,2,65,3 Room,Improved,1975,460000,48
Blk 93A Telok Blangah Street 31,https://www.srx.com.sg/listings/100698541/for-sale-telok-blangah-street-31-telok-blangah-street-31,2,2,68,3 Room,Model A,2018,570000,5
Blk 91A Telok Blangah Street 31,https://www.srx.com.sg/listings/100292761/for-sale-telok-blangah-street-31-telok-blangah-street-31,3,2,93,4 Room,Model A,2018,570000,5
Blk 440D Bukit Batok West Avenue 8,https://www.srx.com.sg/listings/100301971/for-sale-bukit-batok-west-avenue-8-priced-to-sell-rare-unblocked-greenery-view,3,2,112,5 Room,Improved,2019,570000,4
Blk 297 Punggol Central,https://www.srx.com.sg/listings/100705921/for-sale-punggol-central-297-punggol-central,3,2,110,5 Room,Model A,2003,820000,20
Blk 210 Yishun Street 21,https://www.srx.com.sg/listings/100209281/for-sale-yishun-street-21-yishun-street-21,2,2,67,3 Room,New Generation,1985,820000,38
Blk 534 Ang Mo Kio Avenue 10,https://www.srx.com.sg/listings/100647241/for-sale-ang-mo-kio-avenue-10-ang-mo-kio-avenue-10,3,2,93,4 Room,Model A,1980,820000,43
Blk 100 Lorong 1 Toa Payoh,https://www.srx.com.sg/listings/99807151/for-sale-lorong-1-toa-payoh-lorong-1-toa-payoh,2,2,68,3 Room,Improved,1970,600000,53
Blk 310C Punggol Walk,https://www.srx.com.sg/listings/100614981/for-sale-punggol-walk-new-listing-spacious-3-bedrooms-near-mrt-n-mall-f,3,2,92,4 Room,Model A,2016,600000,7
Blk 2A Upper Boon Keng Road,https://www.srx.com.sg/listings/100690671/for-sale-upper-boon-keng-road-spacious-unit-with-unblocked-view-stonethrow-to-m,3,2,110,5 Room,Improved,2006,600000,17
Blk 620 Bukit Batok Central,https://www.srx.com.sg/listings/100700001/for-sale-bukit-batok-central-bukit-batok-central,3,2,110,5 Room,Improved,2003,430000,20
Blk 415 Eunos Road 5,https://www.srx.com.sg/listings/100651931/for-sale-eunos-road-5-eunos-road-5,3,3,147,5 Room,Maisonette,1984,430000,39
Blk 240 Jurong East Street 21,https://www.srx.com.sg/listings/100679341/for-sale-jurong-east-street-21-jurong-east-street-21,3,2,121,5 Room,Improved,1982,430000,41
Blk 204 Petir Road,https://www.srx.com.sg/listings/100012661/for-sale-petir-road-petir-road,3,2,106,4 Room,Model A,1988,550000,35
Blk 153 Gangsa Road,https://www.srx.com.sg/listings/99242941/for-sale-gangsa-road-gangsa-road,3,2,121,5 Room,Improved,1998,550000,25
Blk 178 Lompang Road,https://www.srx.com.sg/listings/100705741/for-sale-lompang-road-no-extension-quiet-facing-point-block-corner-unit,3,2,90,4 Room,Model A,2001,550000,22
Blk 550 Jurong West Street 42,https://www.srx.com.sg/listings/100661131/for-sale-jurong-west-street-42-jurong-west-street-42,3,2,104,4 Room,Model A,1985,590000,38
Blk 38 Upper Boon Keng Road,https://www.srx.com.sg/listings/100705681/for-sale-upper-boon-keng-road-point-blk-very-high-floor-5rm-flat-for-sale,3,2,117,5 Room,Model A,1976,590000,47
Blk 523 Choa Chu Kang Street 51,https://www.srx.com.sg/listings/97584591/for-sale-choa-chu-kang-street-51-renovated-unblocked-huge-exec-apt-unit-for-sale-at,4,2,143,None,None,None,590000,None
Blk 499A Tampines Ria,https://www.srx.com.sg/listings/100297621/for-sale-tampines-ria-tampines-avenue-9,1,1,46,2 Room,Model A,2014,450000,9
Blk 661A Edgedale Plains,https://www.srx.com.sg/listings/100705601/for-sale-edgedale-plains-your-dream-home-awaits,2,2,67,3 Room,Model A(modified),2017,450000,6
Blk 606 Ang Mo Kio Avenue 5,https://www.srx.com.sg/listings/100574861/for-sale-ang-mo-kio-avenue-5-ang-mo-kio-avenue-5,2,2,67,3 Room,New Generation,1980,450000,43
Blk 108C Eastlawn @ Canberra,https://www.srx.com.sg/listings/100162721/for-sale-eastlawn-canberra-canberra-walk,3,2,113,None,None,None,670000,None
Blk 5 Ghim Moh Road,https://www.srx.com.sg/listings/99442571/for-sale-ghim-moh-road-new-list-for-sales,2,1,65,3 Room,Improved,1976,670000,47
Blk 847 Woodlands Street 82,https://www.srx.com.sg/listings/100610601/for-sale-woodlands-street-82-beautiful-designers-home-for-sale-must-view,4,2,176,HDB Executive,Apartment,1995,670000,28
Blk 106 Jalan Rajah,https://www.srx.com.sg/listings/100135651/for-sale-jalan-rajah-jalan-rajah,4,3,150,HDB Executive,Maisonette,1984,450000,39
Blk 350 Ang Mo Kio Street 32,https://www.srx.com.sg/listings/100643681/for-sale-ang-mo-kio-street-32-ang-mo-kio-street-32,3,2,95,4 Room,Model A,2001,450000,22
Blk 106 Rivervale Walk,https://www.srx.com.sg/listings/100676611/for-sale-rivervale-walk-rivervale-walk,3,2,100,4 Room,Model A,1999,450000,24
Blk 3 Ghim Moh Road,https://www.srx.com.sg/listings/100652041/for-sale-ghim-moh-road-ghim-moh-road,2,1,65,3 Room,Improved,1976,680000,47
Blk 117 Simei Street 1,https://www.srx.com.sg/listings/100339291/for-sale-simei-street-1-simei-street-1,3,2,122,5 Room,Model A,1988,680000,35
Blk 9B Tiong Bahru View,https://www.srx.com.sg/listings/91618701/for-sale-tiong-bahru-view-boon-tiong-road,3,2,112,5 Room,Improved,2016,680000,7
Blk 532 Woodlands Drive 14,https://www.srx.com.sg/listings/100692561/for-sale-woodlands-drive-14-woodlands-drive-14,3,2,105,None,None,None,915000,None
Blk 503 Ang Mo Kio Avenue 5,https://www.srx.com.sg/listings/100606211/for-sale-ang-mo-kio-avenue-5-ang-mo-kio-avenue-5,2,2,68,3 Room,New Generation,1981,915000,42
Blk 670 Woodlands Drive 71,https://www.srx.com.sg/listings/100197391/for-sale-woodlands-drive-71-woodlands-drive-71,3,2,131,None,None,None,915000,None
Blk 138 Marsiling Road,https://www.srx.com.sg/listings/100494621/for-sale-marsiling-road-marsiling-road,5,3,170,5 Room,Maisonette,1995,700000,28
Blk 189A Rivervale Drive,https://www.srx.com.sg/listings/99335561/for-sale-rivervale-drive-rivervale-drive,4,2,131,HDB Executive,Apartment,2000,700000,23
Blk 893A Woodlands Drive 50,https://www.srx.com.sg/listings/100492571/for-sale-woodlands-drive-50-woodlands-drive-50,4,2,138,HDB Executive,Apartment,1996,700000,27
Blk 406 Sin Ming Avenue,https://www.srx.com.sg/listings/100209061/for-sale-sin-ming-avenue-sin-ming-avenue,3,2,84,4 Room,Simplified,1987,800000,36
Blk 573B Woodlands Drive 16,https://www.srx.com.sg/listings/100068361/for-sale-woodlands-drive-16-woodlands-drive-16,1,1,47,2 Room,Model A,2018,800000,5
Blk 364 Woodlands Avenue 5,https://www.srx.com.sg/listings/100472881/for-sale-woodlands-avenue-5-woodlands-avenue-5,4,2,120,5 Room,Improved,1996,800000,27
Blk 175C Punggol Field,https://www.srx.com.sg/listings/100574831/for-sale-punggol-field-punggol-field,3,2,110,None,None,None,680000,None
Blk 449 Ang Mo Kio Avenue 10,https://www.srx.com.sg/listings/99964541/for-sale-ang-mo-kio-avenue-10-fully-renovated-all-races-eligible-no-extension,2,2,68,3 Room,New Generation,1979,680000,44
Blk 442B Bukit Batok West Avenue 8,https://www.srx.com.sg/listings/100438441/for-sale-bukit-batok-west-avenue-8-corner-unit-unblocked-facing,3,2,92,4 Room,Model A,2019,680000,4
Blk 448 Choa Chu Kang Avenue 4,https://www.srx.com.sg/listings/100452781/for-sale-choa-chu-kang-avenue-4-high-floor-corner-unit-unblocked-facing-5-years,3,3,139,HDB Executive,Maisonette,1997,580000,26
Blk 519A Centrale 8 At Tampines,https://www.srx.com.sg/listings/100366741/for-sale-centrale-8-at-tampines-tampines-central-8,3,2,83,None,None,None,580000,None
Blk 785B Woodlands Rise,https://www.srx.com.sg/listings/100615601/for-sale-woodlands-rise-woodlands-rise,3,2,93,4 Room,Model A,2018,580000,5
Blk 542 Serangoon North Avenue 4,https://www.srx.com.sg/listings/100153971/for-sale-serangoon-north-avenue-4-serangoon-north-avenue-4,3,3,149,HDB Executive,Maisonette,1992,668000,31
Blk 34 Upper Cross Street,https://www.srx.com.sg/listings/100071571/for-sale-upper-cross-street-upper-cross-street,2,1,65,3 Room,Improved,1975,668000,48
Blk 208C Punggol Sails,https://www.srx.com.sg/listings/100705861/for-sale-punggol-sails-punggol-place,2,2,68,3 Room,Model A,2014,668000,9
Blk 285B Toh Guan Road,https://www.srx.com.sg/listings/100705781/for-sale-toh-guan-road-toh-guan-road,3,2,103,4 Room,Model A,1998,395000,25
Blk 627 Senja Road,https://www.srx.com.sg/listings/100690181/for-sale-senja-road-627-high-floor-5i-premium-hdb-at-senja-road,3,2,110,5 Room,Improved,2004,395000,19
Blk 103 Bedok Reservoir Road,https://www.srx.com.sg/listings/100690031/for-sale-bedok-reservoir-road-beautiful-scenic-view-very-quiet-impeccable-mov,2,2,753,2 Room,Standard,1985,395000,38
Blk 115 Lorong 1 Toa Payoh,https://www.srx.com.sg/listings/100566221/for-sale-lorong-1-toa-payoh-lorong-1-toa-payoh,2,1,65,3 Room,Improved,1967,380000,56
Blk 160 Jalan Teck Whye,https://www.srx.com.sg/listings/100705401/for-sale-jalan-teck-whye-jalan-teck-whye,3,2,101,4 Room,Model A,1998,380000,25
Blk 457 Yishun Street 41,https://www.srx.com.sg/listings/99314501/for-sale-yishun-street-41-yishun-street-41,3,2,93,4 Room,Model A,2013,380000,10
Blk 602 Ang Mo Kio Avenue 5,https://www.srx.com.sg/listings/99351761/for-sale-ang-mo-kio-avenue-5-high-floor-breezy-3-room-flat,2,2,67,3 Room,New Generation,1980,748000,43
Blk 34 Upper Cross Street,https://www.srx.com.sg/listings/100705321/for-sale-upper-cross-street-upper-cross-street,3,1,65,None,None,None,748000,None
Blk 188 Punggol Central,https://www.srx.com.sg/listings/100040571/for-sale-punggol-central-punggol-central,3,2,128,HDB Executive,Apartment,2004,748000,19
Blk 627 Hougang Avenue 8,https://www.srx.com.sg/listings/99552891/for-sale-hougang-avenue-8-hougang-avenue-8,3,2,122,5 Room,Improved,1986,770000,37
Blk 475A Parkland Residences,https://www.srx.com.sg/listings/100267661/for-sale-parkland-residences-upper-serangoon-crescent,3,2,92,4 Room,Model A,2014,770000,9
Blk 308A Ang Mo Kio Avenue 1,https://www.srx.com.sg/listings/100006651/for-sale-ang-mo-kio-avenue-1-ang-mo-kio-avenue-1,3,2,94,4 Room,Model A,2012,770000,11
Blk 353 Hougang Avenue 7,https://www.srx.com.sg/listings/100631611/for-sale-hougang-avenue-7-hougang-avenue-7,3,3,148,HDB Executive,Maisonette,1984,405000,39
Blk 407 Fajar Road,https://www.srx.com.sg/listings/92812341/for-sale-fajar-road-fajar-road,3,2,84,None,None,None,405000,None
Blk 233 Jurong East Street 21,https://www.srx.com.sg/listings/100539861/for-sale-jurong-east-street-21-jurong-east-street-21,2,2,67,3 Room,New Generation,1982,405000,41
Blk 184A Marsiling Greenview,https://www.srx.com.sg/listings/100696051/for-sale-marsiling-greenview-high-floor-well-maintained-newly-mop,3,2,93,4 Room,Model A,2018,750000,5
Blk 513A Saraca Breeze @ Yishun,https://www.srx.com.sg/listings/100648401/for-sale-saraca-breeze-yishun-yishun-street-51,3,2,113,None,None,None,750000,None
Blk 170 Bukit Batok West Avenue 8,https://www.srx.com.sg/listings/100538031/for-sale-bukit-batok-west-avenue-8-bukit-batok-west-avenue-8,3,2,134,5 Room,Model A,1985,750000,38
Blk 161 Bishan Street 13,https://www.srx.com.sg/listings/100587151/for-sale-bishan-street-13-bishan-street-13,4,2,121,5 Room,Improved,1988,755000,35
Blk 232A Sumang Lane,https://www.srx.com.sg/listings/99713821/for-sale-sumang-lane-a-vibrant-live-work-play-learn-ecosystem-in-punggo,3,2,113,5 Room,Improved,2018,755000,5
Blk 893A Woodlands Drive 50,https://www.srx.com.sg/listings/100497071/for-sale-woodlands-drive-50-woodlands-drive-50,4,2,138,HDB Executive,Apartment,1996,755000,27
Blk 431 Jurong West Avenue 1,https://www.srx.com.sg/listings/97123571/for-sale-jurong-west-avenue-1-jurong-west-avenue-1,3,2,104,4 Room,Model A,1985,720000,38
Blk 201D Tampines Street 21,https://www.srx.com.sg/listings/96184711/for-sale-tampines-street-21-live-close-to-all,2,2,68,3 Room,New Generation,1987,720000,36
Blk 989B Jurong West Street 93,https://www.srx.com.sg/listings/100645981/for-sale-jurong-west-street-93-4a-jurong-w-corner-blk-989b,3,2,93,4 Room,Model A,2008,720000,15
Blk 322B Punggol Bayview,https://www.srx.com.sg/listings/100404761/for-sale-punggol-bayview-322b-sumang-walk-punggol-bayview-hdb,3,2,93,4 Room,Improved,2019,738000,4
Blk 117 Simei Street 1,https://www.srx.com.sg/listings/100204121/for-sale-simei-street-1-simei-street-1,3,2,122,5 Room,Improved,1988,738000,35
Blk 405 Sun Plaza Green,https://www.srx.com.sg/listings/99934821/for-sale-sun-plaza-green-tampines-street-41,2,1,60,3 Room,Improved,1985,738000,38
Blk 465 Upper Serangoon Road,https://www.srx.com.sg/listings/100586401/for-sale-upper-serangoon-road-upper-serangoon-road,4,2,124,5 Room,Improved,1992,799000,31
Blk 22 Havelock Road,https://www.srx.com.sg/listings/100306081/for-sale-havelock-road-havelock-road,3,1,64,3 Room,Improved,1969,799000,54
Blk 925 Hougang Street 91,https://www.srx.com.sg/listings/100347321/for-sale-hougang-street-91-hougang-street-91,3,2,101,4 Room,Model A,1998,799000,25
Blk 167A Parc Lumiere,https://www.srx.com.sg/listings/100030621/for-sale-parc-lumiere-simei-lane,3,2,111,5 Room,Improved,2011,799000,12
Blk 678B Punggol Drive,https://www.srx.com.sg/listings/100695841/for-sale-punggol-drive-4-room-hdb-got-sale,3,2,93,4 Room,Model A,2016,799000,7
Blk 674 Hougang Avenue 8,https://www.srx.com.sg/listings/100644901/for-sale-hougang-avenue-8-high-floor-near-amenities-3mth-extension-open-t,2,2,65,3 Room,Simplified,1987,799000,36
Blk 423 Tampines Street 41,https://www.srx.com.sg/listings/100697251/for-sale-tampines-street-41-rare-4s-unit-for-sale,3,2,84,4 Room,Simplified,1985,599000,38
Blk 218 Tampines Street 24,https://www.srx.com.sg/listings/100697221/for-sale-tampines-street-24-rare-104sqm-4a-unit-for-same,3,2,104,4 Room,Model A,1985,599000,38
Blk 805D Keat Hong Close,https://www.srx.com.sg/listings/100498041/for-sale-keat-hong-close-keat-hong-close,3,2,113,5 Room,Improved,2017,599000,6
Blk 992A Buangkok Square,https://www.srx.com.sg/listings/100691651/for-sale-buangkok-square-buangkok-link,3,2,93,None,None,None,599000,None
Blk 407 Pandan Gardens,https://www.srx.com.sg/listings/100331241/for-sale-pandan-gardens-pandan-gardens,3,2,104,5 Room,Standard,1979,599000,44
Blk 95C City Vue @henderson,https://www.srx.com.sg/listings/100113771/for-sale-city-vue-henderson-henderson-road,3,2,113,5 Room,Improved,2019,599000,4
Blk 181 Edgefield Plains,https://www.srx.com.sg/listings/100596641/for-sale-edgefield-plains-edgefield-plains,3,2,110,5 Room,Improved,2003,530000,20
Blk 57 Lorong 5 Toa Payoh,https://www.srx.com.sg/listings/100323681/for-sale-lorong-5-toa-payoh-lorong-5-toa-payoh,2,1,61,3 Room,Improved,1973,530000,50
Blk 115 Lorong 1 Toa Payoh,https://www.srx.com.sg/listings/100648671/for-sale-lorong-1-toa-payoh-lorong-1-toa-payoh,2,2,65,3 Room,Improved,1967,530000,56
Blk 272 Choa Chu Kang Avenue 2,https://www.srx.com.sg/listings/97770601/for-sale-choa-chu-kang-avenue-2-choa-chu-kang-avenue-2,4,2,147,HDB Executive,Apartment,1993,950000,30
Blk 167 Woodlands Street 11,https://www.srx.com.sg/listings/96855421/for-sale-woodlands-street-11-woodlands-street-11,4,3,163,HDB Executive,Apartment,1994,950000,29
Blk 461b West Rock @ Bukit Batok,https://www.srx.com.sg/listings/100696231/for-sale-west-rock-bukit-batok-bright-windy-high-floor-5i-new-series-for-sale,3,2,114,5 Room,Improved,2019,950000,4
Blk 20 Teban Vista,https://www.srx.com.sg/listings/100602251/for-sale-teban-vista-teban-gardens-road,3,2,92,4 Room,Model A,2013,430000,10
Blk 992A Buangkok Square,https://www.srx.com.sg/listings/100696201/for-sale-buangkok-square-well-renovated-4room-unit-for-sale,3,2,93,4 Room,Model A,2019,430000,4
Blk 992A Buangkok Link,https://www.srx.com.sg/listings/100302751/for-sale-buangkok-link-buangkok-link,1,1,47,2 Room,Model A,2018,430000,5
Blk 232 Hougang Avenue 1,https://www.srx.com.sg/listings/100614741/for-sale-hougang-avenue-1-232-hougang-avenue-1,3,2,104,4 Room,New Generation,1984,450000,39
Blk 593A Montreal Ville,https://www.srx.com.sg/listings/100525621/for-sale-montreal-ville-montreal-link,3,2,93,4 Room,Model A,2015,450000,8
Blk 506B Angsana Breeze @ Yishun,https://www.srx.com.sg/listings/100272671/for-sale-angsana-breeze-yishun-yishun-avenue-4,3,2,93,4 Room,Model A,2018,450000,5
Blk 353 Hougang Avenue 7,https://www.srx.com.sg/listings/100609011/for-sale-hougang-avenue-7-353-hougang-avenue-7,3,3,"1,593",HDB Executive,Maisonette,1984,425000,39
Blk 40B Skyoasis @ Dawson,https://www.srx.com.sg/listings/100683851/for-sale-skyoasis-dawson-rare-corner-3-premium-renovated,2,2,63,None,None,None,425000,None
Blk 523 Hougang Avenue 6,https://www.srx.com.sg/listings/99669921/for-sale-hougang-avenue-6-hougang-avenue-6,2,2,74,3 Room,Model A,1986,425000,37
Blk 690A Woodlands Drive 75,https://www.srx.com.sg/listings/98015601/for-sale-woodlands-drive-75-woodlands-drive-75,3,2,110,5 Room,Improved,2004,550000,19
Blk 461 Tampines Street 44,https://www.srx.com.sg/listings/99116251/for-sale-tampines-street-44-tampines-street-44,3,2,122,5 Room,Improved,1986,550000,37
Blk 325 Woodlands Street 32,https://www.srx.com.sg/listings/99511321/for-sale-woodlands-street-32-woodlands-street-32,4,3,163,HDB Executive,Apartment,1995,550000,28
Blk 653A Jurong West Street 61,https://www.srx.com.sg/listings/100294931/for-sale-jurong-west-street-61-jurong-west-street-61,3,2,111,5 Room,Improved,2002,805000,21
Blk 561B Spring Haven @ Jurong,https://www.srx.com.sg/listings/99636411/for-sale-spring-haven-jurong-fully-renovated-north-south-high-floor-corner,3,2,93,4 Room,Model A,2018,805000,5
Blk 35 Chai Chee Avenue,https://www.srx.com.sg/listings/100563721/for-sale-chai-chee-avenue-chai-chee-avenue,3,1,82,4 Room,Improved,1975,805000,48
Blk 512C Oleander Breeze @ Yishun,https://www.srx.com.sg/listings/98996581/for-sale-oleander-breeze-yishun-yishun-street-51,3,2,93,4 Room,Model A,2017,805000,6
Blk 670 Jalan Damai,https://www.srx.com.sg/listings/100509621/for-sale-jalan-damai-jalan-damai,4,2,125,5 Room,Improved,1996,805000,27
Blk 34 Whampoa West,https://www.srx.com.sg/listings/100698431/for-sale-whampoa-west-3rm-hdb-with-utility-room-close-to-amenities-and,3,1,68,3 Room,Improved,1972,805000,51
Blk 394 Bukit Batok West Avenue 5,https://www.srx.com.sg/listings/100698421/for-sale-bukit-batok-west-avenue-5-new-listing-bright-and-airy-top-floor-4a-for-sale,3,2,92,4 Room,Model A,2004,930000,19
Blk 442 Sin Ming Avenue,https://www.srx.com.sg/listings/100260551/for-sale-sin-ming-avenue-sin-ming-avenue,4,2,120,5 Room,Improved,1990,930000,33
Blk 521 Hougang Avenue 6,https://www.srx.com.sg/listings/100663841/for-sale-hougang-avenue-6-521-hougang-avenue-6,3,2,121,5 Room,Improved,1987,930000,36
Blk 37 Chai Chee Avenue,https://www.srx.com.sg/listings/99884551/for-sale-chai-chee-avenue-chai-chee-avenue,2,1,66,3 Room,Improved,1983,650000,40
Blk 27 Telok Blangah Way,https://www.srx.com.sg/listings/100223611/for-sale-telok-blangah-way-telok-blangah-way,3,1,82,None,None,None,650000,None
Blk 147 Yishun Street 11,https://www.srx.com.sg/listings/100697111/for-sale-yishun-street-11-corner-unit-4rm-flat-looking-for-a-new-yishun-owne,3,2,93,4 Room,New Generation,1985,650000,38
Blk 7 Jalan Batu,https://www.srx.com.sg/listings/100482431/for-sale-jalan-batu-jalan-batu,1,1,48,2 Room,Standard,1970,685000,53
Blk 138A Lake Vista @ Yuan Ching,https://www.srx.com.sg/listings/99410821/for-sale-lake-vista-yuan-ching-yuan-ching-road,3,2,105,5 Room,Improved,2014,685000,9
Blk 231 Bukit Batok East Avenue 5,https://www.srx.com.sg/listings/100618421/for-sale-bukit-batok-east-avenue-5-bukit-batok-east-avenue-5,2,2,67,3 Room,New Generation,1985,685000,38
Blk 351A Canberra Road,https://www.srx.com.sg/listings/98460211/for-sale-canberra-road-across-the-mrt-station-superb-location-5-room-f,3,2,110,5 Room,Improved,2001,740000,22
Blk 591A Cheng San Court,https://www.srx.com.sg/listings/98198271/for-sale-cheng-san-court-4a-hdb-m-o-p-for-sales,3,2,93,4 Room,Model A,2019,740000,4
Blk 17A Macpherson Residency,https://www.srx.com.sg/listings/99736841/for-sale-macpherson-residency-circuit-road,3,2,93,4 Room,Model A,2016,740000,7
Blk 514 Bukit Batok Street 52,https://www.srx.com.sg/listings/100090491/for-sale-bukit-batok-street-52-bukit-batok-street-52,3,2,122,5 Room,Improved,1986,555000,37
Blk 506 Jelapang Road,https://www.srx.com.sg/listings/100439061/for-sale-jelapang-road-jelapang-road,3,2,101,4 Room,Model A,1998,555000,25
Blk 605 Senja Road,https://www.srx.com.sg/listings/100124941/for-sale-senja-road-senja-road,3,2,121,5 Room,Improved,1999,555000,24
Blk 140 Bukit Batok Street 11,https://www.srx.com.sg/listings/97588601/for-sale-bukit-batok-street-11-bukit-batok-street-11,3,3,150,HDB Executive,Maisonette,1984,755000,39
Blk 461C West Rock @ Bukit Batok,https://www.srx.com.sg/listings/100448601/for-sale-west-rock-bukit-batok-bukit-batok-west-avenue-8,3,2,114,5 Room,Improved,2018,755000,5
Blk 655 Senja Road,https://www.srx.com.sg/listings/98634281/for-sale-senja-road-senja-road,3,2,111,5 Room,Model A,2001,755000,22
Blk 687D Choa Chu Kang Drive,https://www.srx.com.sg/listings/100280411/for-sale-choa-chu-kang-drive-choa-chu-kang-drive,3,2,110,5 Room,Improved,2003,658000,20
Blk 140 Bukit Batok Street 11,https://www.srx.com.sg/listings/97584471/for-sale-bukit-batok-street-11-bukit-batok-street-11,3,3,150,HDB Executive,Maisonette,1984,658000,39
Blk 523 Bukit Batok Street 52,https://www.srx.com.sg/listings/100686661/for-sale-bukit-batok-street-52-bukit-batok-street-52,2,1,60,3 Room,Improved,1987,658000,36
Blk 22 Bedok South Avenue 1,https://www.srx.com.sg/listings/100579381/for-sale-bedok-south-avenue-1-bedok-south-avenue-1,2,2,73,3 Room,New Generation,1977,390000,46
Blk 714 Pasir Ris Street 72,https://www.srx.com.sg/listings/100702801/for-sale-pasir-ris-street-72-pasir-ris-street-72,4,2,148,HDB Executive,Apartment,1996,390000,27
Blk 96 Skyparc @ Dawson,https://www.srx.com.sg/listings/100562901/for-sale-skyparc-dawson-4a-unblock-super-high-floor,3,2,86,4 Room,Model A,2020,390000,3
Blk 434 Ang Mo Kio Avenue 10,https://www.srx.com.sg/listings/100435961/for-sale-ang-mo-kio-avenue-10-ang-mo-kio-avenue-10,2,2,67,3 Room,New Generation,1979,620000,44
Blk 430 Ang Mo Kio Avenue 3,https://www.srx.com.sg/listings/100702611/for-sale-ang-mo-kio-avenue-3-high-floor-spacious-5-room-hdb-near-amk-hub-mrt,3,2,119,5 Room,Improved,1979,620000,44
Blk 226 Choa Chu Kang Central,https://www.srx.com.sg/listings/100011521/for-sale-choa-chu-kang-central-choa-chu-kang-central,4,2,124,5 Room,Improved,1993,620000,30
Blk 437A West Edge @ Bukit Batok,https://www.srx.com.sg/listings/100702571/for-sale-west-edge-bukit-batok-bukit-batok-west-avenue-5,3,2,93,None,None,None,850000,None
Blk 728 Jurong West Avenue 5,https://www.srx.com.sg/listings/99643891/for-sale-jurong-west-avenue-5-jurong-west-avenue-5,4,2,121,5 Room,Improved,1989,850000,34
Blk 134 Bedok Reservoir Road,https://www.srx.com.sg/listings/100618761/for-sale-bedok-reservoir-road-bedok-reservoir-road,3,2,84,4 Room,Simplified,1987,850000,36
Blk 308C Punggol Walk,https://www.srx.com.sg/listings/100614171/for-sale-punggol-walk-punggol-walk,2,2,67,None,None,None,580000,None
Blk 461B West Rock @ Bukit Batok,https://www.srx.com.sg/listings/100700151/for-sale-west-rock-bukit-batok-461b-bukit-batok-west-avenue-8,3,2,93,4 Room,Model A,2019,580000,4
Blk 161 Woodlands Street 13,https://www.srx.com.sg/listings/100700141/for-sale-woodlands-street-13-high-floor-corner-stack-1-min-walk-to-marsiling-m,2,2,73,3 Room,Model A,1990,580000,33
Blk 534 Bukit Batok Street 51,https://www.srx.com.sg/listings/100699621/for-sale-bukit-batok-street-51-bukit-batok-street-51,2,1,69,None,None,None,400000,None
Blk 31 Eunos Crescent,https://www.srx.com.sg/listings/100038561/for-sale-eunos-crescent-best-stack-and-best-garden-facing-unit,3,2,90,4 Room,Model A,2007,400000,16
Blk 18 Cantonment Towers,https://www.srx.com.sg/listings/99345711/for-sale-cantonment-towers-cantonment-close,3,2,90,None,None,None,400000,None
Blk 129 Potong Pasir Avenue 1,https://www.srx.com.sg/listings/100672571/for-sale-potong-pasir-avenue-1-potong-pasir-avenue-1,4,2,161,HDB Executive,Maisonette,1984,600000,39
Blk 409 Jurong West Street 42,https://www.srx.com.sg/listings/100699041/for-sale-jurong-west-street-42-very-high-floor-unblock-currently-4-bedrooms-pro,4,3,150,HDB Executive,Maisonette,1985,600000,38
Blk 178 Lompang Road,https://www.srx.com.sg/listings/100699021/for-sale-lompang-road-lompang-road,3,2,91,4 Room,Model A,2001,600000,22
Blk 641 Bedok Reservoir Road,https://www.srx.com.sg/listings/100619681/for-sale-bedok-reservoir-road-bedok-reservoir-road,4,2,146,HDB Executive,Apartment,1993,850000,30
Blk 671B Edgefield Plains,https://www.srx.com.sg/listings/100376831/for-sale-edgefield-plains-edgefield-plains,3,2,90,4 Room,Model A,2015,850000,8
Blk 107A Eastbrook @ Canberra,https://www.srx.com.sg/listings/100693201/for-sale-eastbrook-canberra-eastbrook-canberra,3,2,93,4 Room,Model A,2018,850000,5
Blk 623 Jurong West Street 61,https://www.srx.com.sg/listings/100574621/for-sale-jurong-west-street-61-jurong-west-street-61,3,2,90,4 Room,Model A,2001,480000,22
Blk 185B Marsiling Greenview,https://www.srx.com.sg/listings/100653121/for-sale-marsiling-greenview-woodlands-street-13,2,2,68,3 Room,Model A,2019,480000,4
Blk 435 Choa Chu Kang Avenue 4,https://www.srx.com.sg/listings/100609031/for-sale-choa-chu-kang-avenue-4-choa-chu-kang-avenue-4,3,2,104,4 Room,Model A,1993,480000,30
Blk 220C Matilda Edge,https://www.srx.com.sg/listings/100092201/for-sale-matilda-edge-matilda-edge,3,2,93,4 Room,Model A2,2018,480000,5
Blk 334B Yishun Riverwalk,https://www.srx.com.sg/listings/99976771/for-sale-yishun-riverwalk-yishun-street-31,3,2,92,4 Room,Model A,2015,480000,8
Blk 16 Upper Boon Keng Road,https://www.srx.com.sg/listings/99967431/for-sale-upper-boon-keng-road-upper-boon-keng-road,6,4,141,5 Room,Improved,1975,480000,48
Blk 40B Skyoasis @ Dawson,https://www.srx.com.sg/listings/100683851/for-sale-skyoasis-dawson-rare-corner-3-premium-renovated,2,2,63,None,None,None,538000,None
