Location_Name,Location_Type,Blk_No,Address,Postal_Code,Full Address,Long,Lat,floor_area_sqm,remaining_lease,Price,Link,Lease_Used,Num_Bed,Num_Toilet
Ang Mo Kio,HDB 3 Room,122,Ang Mo Kio Avenue 3,,Blk 122 Ang Mo Kio Avenue 3,,,67,54,420000,https://www.srx.com.sg/listings/100173271/for-sale-ang-mo-kio-avenue-3-ang-mo-kio-avenue-3,45.0,2,2.0
Hougang Central,HDB 4 Room,835,Hougang Central,,Blk 835 Hougang Central,,,110,68,420000,https://www.srx.com.sg/listings/99074051/for-sale-hougang-central-4-room-for-sale,31.0,3,2.0
Admiralty,HDB 5 Room,359A,Admiralty Drive,,Blk 359A Admiralty Drive,,,110,77,420000,https://www.srx.com.sg/listings/100701781/for-sale-admiralty-drive-359a-admiralty-drive,22.0,4,2.0
Pasir Ris,HDB Executive,210,Pasir Ris Street 21,,Blk 210 Pasir Ris Street 21,,,147,69,680000,https://www.srx.com.sg/listings/100701811/for-sale-pasir-ris-street-21-huge-spacious-with-four-bedrooms,30.0,4,2.0
Admiralty Link,HDB 5 Room,483,Admiralty Link,,Blk 483 Admiralty Link,,,111,80,620000,https://www.srx.com.sg/listings/100674151/for-sale-admiralty-link-admiralty-link,19.0,3,2.0
Haig,HDB 3 Room,10,Haig Road,,Blk 10 Haig Road,,,65,52,620000,https://www.srx.com.sg/listings/100690741/for-sale-haig-road-haig-road,47.0,2,1.0
Bedok North,HDB 3 Room,75,Bedok North Road,,Blk 75 Bedok North Road,,,59,54,818000,https://www.srx.com.sg/listings/100304231/for-sale-bedok-north-road-walk-to-market-eateries-shops-schools-mrt,45.0,2,1.0
Bedok North,HDB 4 Room,507,Bedok North Avenue 3,,Blk 507 Bedok North Avenue 3,,,92,54,818000,https://www.srx.com.sg/listings/100662301/for-sale-bedok-north-avenue-3-walk-to-market-eateries-shops-schools-mrt,45.0,3,2.0
Compassvale,HDB Executive,216B,Compassvale Drive,,Blk 216B Compassvale Drive,,,112,93,550000,https://www.srx.com.sg/listings/100701501/for-sale-compassvale-drive-next-to-mrt-5rm,6.0,3,2.0
Dover,HDB 3 Room,1,Dover Road,,Blk 1 Dover Road,,,73,51,550000,https://www.srx.com.sg/listings/100247561/for-sale-dover-road-dover-road,48.0,2,2.0
Yishun,HDB 5 Room,124,Yishun Street 11,,Blk 124 Yishun Street 11,,,134,61,550000,https://www.srx.com.sg/listings/100614211/for-sale-yishun-street-11-rare-huge-area-unit-bedrooms-4x-high-floor-ser,38.0,4,2.0
Jurong East,HDB 4 Room,316,Jurong East Street 32,,Blk 316 Jurong East Street 32,,,104,60,635000,https://www.srx.com.sg/listings/100580401/for-sale-jurong-east-street-32-jurong-east-street-32,39.0,3,2.0
Pasir Ris One,HDB 4 Room,530A,Pasir Ris One,,Blk 530A Pasir Ris One,,,86,91,635000,https://www.srx.com.sg/listings/100288981/for-sale-pasir-ris-one-great-location-1-minute-walk-to-pasir-ris-mrt-sta,8.0,3,2.0
Bukit Batok West,HDB 4 Room,168,Bukit Batok West Avenue 8,,Blk 168 Bukit Batok West Avenue 8,,,103,60,635000,https://www.srx.com.sg/listings/100438401/for-sale-bukit-batok-west-avenue-8-bukit-batok-west-avenue-8,39.0,3,2.0
Rivervale Crescent,HDB 5 Room,157D,Rivervale Crescent,,Blk 157D Rivervale Crescent,,,111,79,530000,https://www.srx.com.sg/listings/98331371/for-sale-rivervale-crescent-rivervale-crescent,20.0,3,2.0
Telok Blangah,HDB 3 Room,93A,Telok Blangah Street 31,,Blk 93A Telok Blangah Street 31,,,68,94,399000,https://www.srx.com.sg/listings/100698541/for-sale-telok-blangah-street-31-telok-blangah-street-31,5.0,2,2.0
Yishun,HDB 3 Room,742,Yishun Avenue 5,,Blk 742 Yishun Avenue 5,,,67,61,399000,https://www.srx.com.sg/listings/100644631/for-sale-yishun-avenue-5-yishun-avenue-5,38.0,2,2.0
Woodlands Circle,HDB 4 Room,746,Woodlands Circle,,Blk 746 Woodlands Circle,,,102,74,399000,https://www.srx.com.sg/listings/100466241/for-sale-woodlands-circle-woodlands-circle,25.0,3,2.0
Telok Blangah Rise,HDB 3 Room,43,Telok Blangah Rise,,Blk 43 Telok Blangah Rise,,,59,52,440000,https://www.srx.com.sg/listings/100558441/for-sale-telok-blangah-rise-471-segar-road,47.0,2,1.0
New Upper Changi,HDB 5 Room,61,New Upper Changi Road,,Blk 61 New Upper Changi Road,,,115,53,440000,https://www.srx.com.sg/listings/98752021/for-sale-new-upper-changi-road-rare-renovated-5rm-flat-up-for-grab,46.0,2,2.0
Yishun,HDB 3 Room,210,Yishun Street 21,,Blk 210 Yishun Street 21,,,67,61,440000,https://www.srx.com.sg/listings/100170101/for-sale-yishun-street-21-yishun-street-21,38.0,2,2.0
Clementi,HDB 3 Room,427,Clementi Avenue 3,,Blk 427 Clementi Avenue 3,,,67,54,348000,https://www.srx.com.sg/listings/100648961/for-sale-clementi-avenue-3-clementi-avenue-3,45.0,2,2.0
Jurong East,HDB 4 Room,218,Jurong East Street 21,,Blk 218 Jurong East Street 21,,,92,60,348000,https://www.srx.com.sg/listings/98959431/for-sale-jurong-east-street-21-jurong-east-street-21,39.0,3,2.0
Chai Chee,HDB 5 Room,11,Chai Chee Road,,Blk 11 Chai Chee Road,,,120,77,348000,https://www.srx.com.sg/listings/99962171/for-sale-chai-chee-road-chai-chee-road,22.0,3,2.0
Tampines Central 7,HDB 5 Room,522C,Tampines Central 7,,Blk 522C Tampines Central 7,,,113,91,818000,https://www.srx.com.sg/listings/100434941/for-sale-tampines-central-7-tampines-central-7,8.0,3,2.0
Lorong 2 Toa Payoh,HDB 5 Room,147,Lorong 2 Toa Payoh,,Blk 147 Lorong 2 Toa Payoh,,,110,82,818000,https://www.srx.com.sg/listings/99736701/for-sale-lorong-2-toa-payoh-lorong-2-toa-payoh,17.0,3,2.0
Bukit Batok West,HDB 4 Room,443C,Bukit Batok West Avenue 8,,Blk 443C Bukit Batok West Avenue 8,,,92,95,499000,https://www.srx.com.sg/listings/98456721/for-sale-bukit-batok-west-avenue-8-bukit-batok-west-avenue-8,4.0,3,2.0
Jelapang,HDB Executive,528,Jelapang Road,,Blk 528 Jelapang Road,,,143,75,499000,https://www.srx.com.sg/listings/99853201/for-sale-jelapang-road-jelapang-road,24.0,3,3.0
Lorong 1 Toa Payoh,HDB 3 Room,115,Lorong 1 Toa Payoh,,Blk 115 Lorong 1 Toa Payoh,,,65,43,499000,https://www.srx.com.sg/listings/100580101/for-sale-lorong-1-toa-payoh-lorong-1-toa-payoh,56.0,2,2.0
Lorong 5 Toa Payoh,HDB 3 Room,57,Lorong 5 Toa Payoh,,Blk 57 Lorong 5 Toa Payoh,,,61,49,1000000,https://www.srx.com.sg/listings/100213381/for-sale-lorong-5-toa-payoh-lorong-5-toa-payoh,50.0,2,1.0
Bukit Batok West,HDB 4 Room,130,Bukit Batok West Avenue 6,,Blk 130 Bukit Batok West Avenue 6,,,103,60,1000000,https://www.srx.com.sg/listings/100294221/for-sale-bukit-batok-west-avenue-6-bukit-batok-west-avenue-6,39.0,3,2.0
Yishun,HDB Executive,826,Yishun Street 81,,Blk 826 Yishun Street 81,,,146,64,450000,https://www.srx.com.sg/listings/100543731/for-sale-yishun-street-81-pure-selling-serious-seller-and-can-contra-no-e,35.0,3,2.0
Upper Cross,HDB 3 Room,34,Upper Cross Street,,Blk 34 Upper Cross Street,,,65,51,450000,https://www.srx.com.sg/listings/100057901/for-sale-upper-cross-street-3-room-flat-for-sale-motivated-seller,48.0,2,1.0
Compassvale,HDB 4 Room,259B,Compassvale Road,,Blk 259B Compassvale Road,,,85,77,760000,https://www.srx.com.sg/listings/100488621/for-sale-compassvale-road-compassvale-road,22.0,3,2.0
Fernvale,HDB 3 Room,436D,Fernvale Road,,Blk 436D Fernvale Road,,,70,86,760000,https://www.srx.com.sg/listings/100533751/for-sale-fernvale-road-fernvale-road,13.0,2,2.0
Edgefield,HDB 5 Room,104B,Edgefield Plains,,Blk 104B Edgefield Plains,,,110,79,599000,https://www.srx.com.sg/listings/100488481/for-sale-edgefield-plains-edgefield-plains,20.0,3,2.0
Punggol Vue,HDB 3 Room,326C,Punggol Vue,,Blk 326C Punggol Vue,,,68,94,599000,https://www.srx.com.sg/listings/100277961/for-sale-punggol-vue-sumang-walk,5.0,2,2.0
Edgefield,HDB 4 Room,673C,Edgefield Plains,,Blk 673C Edgefield Plains,,,90,91,599000,https://www.srx.com.sg/listings/100543471/for-sale-edgefield-plains-edgefield-plains,8.0,3,2.0
Bedok North,HDB 3 Room,76,Bedok North Road,,Blk 76 Bedok North Road,,,59,54,788000,https://www.srx.com.sg/listings/100421581/for-sale-bedok-north-road-bedok-north-road,45.0,2,1.0
Eunos Crescent,HDB Executive,19,Eunos Crescent,,Blk 19 Eunos Crescent,,,130,53,518000,https://www.srx.com.sg/listings/100252741/for-sale-eunos-crescent-eunos-crescent,46.0,6,4.0
Spottiswoode Park,HDB 5 Room,109,Spottiswoode Park Road,,Blk 109 Spottiswoode Park Road,,,118,55,518000,https://www.srx.com.sg/listings/99321071/for-sale-spottiswoode-park-road-spottiswoode-park-road,44.0,3,2.0
Teban Gardens,HDB Executive,50,Teban Gardens Road,,Blk 50 Teban Gardens Road,,,146,62,420000,https://www.srx.com.sg/listings/100562231/for-sale-teban-gardens-road-teban-gardens-road,37.0,3,3.0
Jalan Bukit Ho Swee,HDB 2 Room,10,Jalan Bukit Ho Swee,,Blk 10 Jalan Bukit Ho Swee,,,35,47,420000,https://www.srx.com.sg/listings/96063021/for-sale-jalan-bukit-ho-swee-prime-location-with-demand,52.0,1,1.0
Upper Boon Keng,HDB 4 Room,15,Upper Boon Keng Road,,Blk 15 Upper Boon Keng Road,,,88,51,420000,https://www.srx.com.sg/listings/100674861/for-sale-upper-boon-keng-road-upper-boon-keng-road,48.0,3,2.0
Sembawang Crescent,HDB 2 Room,366A,Sembawang Crescent,,Blk 366A Sembawang Crescent,,,48,95,580000,https://www.srx.com.sg/listings/100562701/for-sale-sembawang-crescent-sembawang-crescent,4.0,1,1.0
Choa Chu Kang,HDB Executive,448,Choa Chu Kang Avenue 4,,Blk 448 Choa Chu Kang Avenue 4,,,143,73,580000,https://www.srx.com.sg/listings/100164911/for-sale-choa-chu-kang-avenue-4-choa-chu-kang-avenue-4,26.0,4,3.0
Strathmore,HDB 4 Room,59,Strathmore Avenue,,Blk 59 Strathmore Avenue,,,96,76,630000,https://www.srx.com.sg/listings/100326721/for-sale-strathmore-avenue-strathmore-avenue,23.0,3,2.0
Hougang,HDB 4 Room,567,Hougang Street 51,,Blk 567 Hougang Street 51,,,99,73,428000,https://www.srx.com.sg/listings/100518761/for-sale-hougang-street-51-hougang-street-51,26.0,3,2.0
Jurong West,HDB 5 Room,529,Jurong West Street 52,,Blk 529 Jurong West Street 52,,,118,58,428000,https://www.srx.com.sg/listings/100483831/for-sale-jurong-west-street-52-jurong-west-street-52,41.0,3,2.0
Lorong 2 Toa Payoh,HDB Executive,99C,Lorong 2 Toa Payoh,,Blk 99C Lorong 2 Toa Payoh,,,149,69,428000,https://www.srx.com.sg/listings/100407981/for-sale-lorong-2-toa-payoh-lorong-2-toa-payoh,30.0,4,2.0
Rivervale Walk,HDB 4 Room,108,Rivervale Walk,,Blk 108 Rivervale Walk,,,101,75,550000,https://www.srx.com.sg/listings/98319701/for-sale-rivervale-walk-rivervale-walk,24.0,3,2.0
Marine Crescent Ville,HDB 4 Room,35,Marine Crescent Ville,,Blk 35 Marine Crescent Ville,,,82,51,550000,https://www.srx.com.sg/listings/96255731/for-sale-marine-crescent-ville-marine-crescent,48.0,3,2.0
Bedok Reservoir,HDB 3 Room,615,Bedok Reservoir Road,,Blk 615 Bedok Reservoir Road,,,68,57,550000,https://www.srx.com.sg/listings/100023131/for-sale-bedok-reservoir-road-bedok-reservoir-road,42.0,2,2.0
Bedok Reservoir,HDB 4 Room,718,Bedok Reservoir Road,,Blk 718 Bedok Reservoir Road,,,104,60,366000,https://www.srx.com.sg/listings/100358521/for-sale-bedok-reservoir-road-bedok-reservoir-road,39.0,3,2.0
Tampines,HDB 4 Room,365,Tampines Street 34,,Blk 365 Tampines Street 34,,,100,73,366000,https://www.srx.com.sg/listings/100648691/for-sale-tampines-street-34-tampines-street-34,26.0,3,2.0
Serangoon Central,HDB 4 Room,204,Serangoon Central,,Blk 204 Serangoon Central,,,84,61,366000,https://www.srx.com.sg/listings/100346871/for-sale-serangoon-central-serangoon-central,38.0,3,2.0
Sembawang Close,HDB 5 Room,321,Sembawang Close,,Blk 321 Sembawang Close,,,119,75,750000,https://www.srx.com.sg/listings/100372981/for-sale-sembawang-close-sembawang-close,24.0,3,2.0
Canberra,HDB 5 Room,351A,Canberra Road,,Blk 351A Canberra Road,,,110,77,450000,https://www.srx.com.sg/listings/98465721/for-sale-canberra-road-canberra-road,22.0,3,2.0
Jurong West,HDB 5 Room,271C,Jurong West Street 24,,Blk 271C Jurong West Street 24,,,113,79,450000,https://www.srx.com.sg/listings/100549491/for-sale-jurong-west-street-24-5rm-premium-apartment-design-and-build,20.0,3,2.0
Pasir Ris,HDB Executive,245,Pasir Ris Street 21,,Blk 245 Pasir Ris Street 21,,,148,69,435000,https://www.srx.com.sg/listings/99368311/for-sale-pasir-ris-street-21-pasir-ris-street-21,30.0,3,2.0
Pasir Ris,HDB 4 Room,405,Pasir Ris Drive 6,,Blk 405 Pasir Ris Drive 6,,,106,65,435000,https://www.srx.com.sg/listings/100703201/for-sale-pasir-ris-drive-6-walking-distance-to-mrt-station,34.0,3,2.0
Telok Blangah,HDB 3 Room,64,Telok Blangah Drive,,Blk 64 Telok Blangah Drive,,,67,54,435000,https://www.srx.com.sg/listings/100385521/for-sale-telok-blangah-drive-telok-blangah-drive,45.0,2,2.0
Serangoon,HDB 4 Room,329,Serangoon Avenue 3,,Blk 329 Serangoon Avenue 3,,,89,62,545000,https://www.srx.com.sg/listings/100696151/for-sale-serangoon-avenue-3-for-sale-4s-blk-329-serangoon-ave-3,37.0,3,2.0
Silat,HDB 3 Room,149,Silat Avenue,,Blk 149 Silat Avenue,,,83,58,545000,https://www.srx.com.sg/listings/100607371/for-sale-silat-avenue-silat-avenue,41.0,2,2.0
Ang Mo Kio,HDB 5 Room,620,Ang Mo Kio Avenue 9,,Blk 620 Ang Mo Kio Avenue 9,,,121,56,950000,https://www.srx.com.sg/listings/99005141/for-sale-ang-mo-kio-avenue-9-5i-renovated-move-in-unit-for-sale,43.0,3,2.0
Silat,HDB 3 Room,149,Silat Avenue,,Blk 149 Silat Avenue,,,82,58,950000,https://www.srx.com.sg/listings/100617701/for-sale-silat-avenue-silat-avenue,41.0,2,2.0
Jurong West,HDB Executive,830A,Jurong West Street 81,,Blk 830A Jurong West Street 81,,,146,69,950000,https://www.srx.com.sg/listings/100316431/for-sale-jurong-west-street-81-jurong-west-street-81,30.0,3,2.0
Geylang Bahru,HDB 5 Room,59C,Geylang Bahru,,Blk 59C Geylang Bahru,,,120,74,710000,https://www.srx.com.sg/listings/100616721/for-sale-geylang-bahru-geylang-bahru,25.0,3,2.0
Jurong West,HDB Executive,830A,Jurong West Street 81,,Blk 830A Jurong West Street 81,,,146,69,710000,https://www.srx.com.sg/listings/100343351/for-sale-jurong-west-street-81-jurong-west-street-81,30.0,3,2.0
Trivelis,HDB 4 Room,311B,Trivelis,,Blk 311B Trivelis,,,79,90,710000,https://www.srx.com.sg/listings/98951391/for-sale-trivelis-clementi-avenue-4,9.0,3,2.0
Telok Blangah Heights,HDB 4 Room,69,Telok Blangah Heights,,Blk 69 Telok Blangah Heights,,,93,54,860000,https://www.srx.com.sg/listings/100105071/for-sale-telok-blangah-heights-telok-blangah-heights,45.0,3,2.0
Teban Vista,HDB 4 Room,22,Teban Vista,,Blk 22 Teban Vista,,,92,89,860000,https://www.srx.com.sg/listings/100702821/for-sale-teban-vista-rare-and-quiet-facing-high-floor-4-rm-hdb-next-to,10.0,3,2.0
Kang Ching,HDB 4 Room,345,Kang Ching Road,,Blk 345 Kang Ching Road,,,102,73,860000,https://www.srx.com.sg/listings/100546871/for-sale-kang-ching-road-kang-ching-road,26.0,3,2.0
Jurong West,HDB 3 Room,481,Jurong West Street 41,,Blk 481 Jurong West Street 41,,,66,61,1210000,https://www.srx.com.sg/listings/100212541/for-sale-jurong-west-street-41-jurong-west-street-41,38.0,2,2.0
Jurong East,HDB 3 Room,244,Jurong East Street 24,,Blk 244 Jurong East Street 24,,,67,59,1210000,https://www.srx.com.sg/listings/100702741/for-sale-jurong-east-street-24-high-floor-no-noon-sun,40.0,2,2.0
Serangoon North,HDB 5 Room,505,Serangoon North Avenue 4,,Blk 505 Serangoon North Avenue 4,,,124,68,1210000,https://www.srx.com.sg/listings/100417661/for-sale-serangoon-north-avenue-4-serious-seller-high-floor-unblocked-view-all-rac,31.0,4,2.0
Compassvale Crescent,HDB 5 Room,289A,Compassvale Crescent,,Blk 289A Compassvale Crescent,,,113,93,550000,https://www.srx.com.sg/listings/100270731/for-sale-compassvale-crescent-compassvale-crescent,6.0,3,2.0
Dover,HDB 3 Room,1,Dover Road,,Blk 1 Dover Road,,,73,51,550000,https://www.srx.com.sg/listings/100575971/for-sale-dover-road-dover-road,48.0,3,2.0
Tampines Greenleaf,HDB 4 Room,524B,Tampines Greenleaf,,Blk 524B Tampines Greenleaf,,,93,91,550000,https://www.srx.com.sg/listings/100681321/for-sale-tampines-greenleaf-tampines-central-7,8.0,3,2.0
Parkland Residences,HDB 4 Room,475D,Parkland Residences,,Blk 475D Parkland Residences,,,92,90,868000,https://www.srx.com.sg/listings/99990001/for-sale-parkland-residences-upper-serangoon-crescent,9.0,3,2.0
Centrale 8 At Tampines,HDB 4 Room,519A,Centrale 8 At Tampines,,Blk 519A Centrale 8 At Tampines,,,83,90,868000,https://www.srx.com.sg/listings/99161451/for-sale-centrale-8-at-tampines-blk-519a-tampines-central-4room-dbss-for-sales,9.0,3,2.0
Pine Green,HDB 4 Room,49,Pine Green,,Blk 49 Pine Green,,,93,81,360000,https://www.srx.com.sg/listings/99946091/for-sale-pine-green-blk-49-jalan-tiga-4room-for-sales-corner-unit-mr,18.0,3,2.0
Pine Green,HDB 4 Room,49,Pine Green,,Blk 49 Pine Green,,,93,81,360000,https://www.srx.com.sg/listings/100366561/for-sale-pine-green-jalan-tiga,18.0,3,2.0
Jurong West,HDB 5 Room,934,Jurong West Street 91,,Blk 934 Jurong West Street 91,,,122,64,358000,https://www.srx.com.sg/listings/100357571/for-sale-jurong-west-street-91-jurong-west-street-91,35.0,3,2.0
Telok Blangah,HDB 3 Room,64,Telok Blangah Drive,,Blk 64 Telok Blangah Drive,,,67,54,538000,https://www.srx.com.sg/listings/100676641/for-sale-telok-blangah-drive-telok-blangah-drive,45.0,2,2.0
Chai Chee,HDB 3 Room,55,Chai Chee Drive,,Blk 55 Chai Chee Drive,,,76,60,538000,https://www.srx.com.sg/listings/100472251/for-sale-chai-chee-drive-chai-chee-drive,39.0,2,2.0
Ang Mo Kio,HDB 3 Room,156,Ang Mo Kio Avenue 4,,Blk 156 Ang Mo Kio Avenue 4,,,82,57,538000,https://www.srx.com.sg/listings/100691541/for-sale-ang-mo-kio-avenue-4-pure-sale-no-extension-corner-middle-floor,42.0,2,2.0
Yishun,HDB Executive,606,Yishun Street 61,,Blk 606 Yishun Street 61,,,142,63,690000,https://www.srx.com.sg/listings/100518751/for-sale-yishun-street-61-yishun-street-61,36.0,3,2.0
Yishun,HDB Executive,606,Yishun Street 61,,Blk 606 Yishun Street 61,,,142,63,690000,https://www.srx.com.sg/listings/100513201/for-sale-yishun-street-61-yishun-street-61,36.0,3,2.0
Shunfu Gardens,HDB 5 Room,310,Shunfu Gardens,,Blk 310 Shunfu Gardens,,,121,60,538000,https://www.srx.com.sg/listings/100340061/for-sale-shunfu-gardens-shunfu-road,39.0,3,2.0
Toh Guan,HDB 4 Room,285B,Toh Guan Road,,Blk 285B Toh Guan Road,,,102,74,538000,https://www.srx.com.sg/listings/100398801/for-sale-toh-guan-road-toh-guan-road,25.0,3,2.0
Choa Chu Kang,HDB 5 Room,812C,Choa Chu Kang Avenue 7,,Blk 812C Choa Chu Kang Avenue 7,,,113,93,538000,https://www.srx.com.sg/listings/100444271/for-sale-choa-chu-kang-avenue-7-high-floor-above-level-10-corner-unit-unblocked,6.0,3,2.0
Bedok South,HDB 5 Room,66,Bedok South Avenue 3,,Blk 66 Bedok South Avenue 3,,,123,53,825000,https://www.srx.com.sg/listings/100666131/for-sale-bedok-south-avenue-3-bedok-south-avenue-3,46.0,3,2.0
Pasir Ris,HDB 4 Room,461,Pasir Ris Drive 4,,Blk 461 Pasir Ris Drive 4,,,104,68,825000,https://www.srx.com.sg/listings/99347651/for-sale-pasir-ris-drive-4-pasir-ris-drive-4,31.0,3,2.0
Edgefield,HDB Executive,118,Edgefield Plains,,Blk 118 Edgefield Plains,,,130,79,825000,https://www.srx.com.sg/listings/100226281/for-sale-edgefield-plains-edgefield-plains,20.0,4,2.0
Ang Mo Kio,HDB 3 Room,570,Ang Mo Kio Avenue 3,,Blk 570 Ang Mo Kio Avenue 3,,,67,55,438000,https://www.srx.com.sg/listings/100646111/for-sale-ang-mo-kio-avenue-3-ang-mo-kio-avenue-3,44.0,2,1.0
Choa Chu Kang,HDB 5 Room,707,Choa Chu Kang Street 53,,Blk 707 Choa Chu Kang Street 53,,,128,71,438000,https://www.srx.com.sg/listings/100159181/for-sale-choa-chu-kang-street-53-choa-chu-kang-5rm-unit-for-sale,28.0,3,2.0
Hougang,HDB Executive,357,Hougang Avenue 7,,Blk 357 Hougang Avenue 7,,,148,61,748000,https://www.srx.com.sg/listings/99565151/for-sale-hougang-avenue-7-hougang-avenue-7,38.0,3,3.0
Jurong West,HDB 5 Room,846,Jurong West Street 81,,Blk 846 Jurong West Street 81,,,135,72,748000,https://www.srx.com.sg/listings/100255271/for-sale-jurong-west-street-81-jurong-west-street-81,27.0,4,2.0
Yishun Ring,HDB 3 Room,118,Yishun Ring Road,,Blk 118 Yishun Ring Road,,,74,59,748000,https://www.srx.com.sg/listings/100690261/for-sale-yishun-ring-road-yishun-ring-road,40.0,2,2.0
Edgefield,HDB 4 Room,673C,Edgefield Plains,,Blk 673C Edgefield Plains,,,90,91,525000,https://www.srx.com.sg/listings/100690221/for-sale-edgefield-plains-edgefield-plains,8.0,3,2.0
Jalan Membina,HDB 4 Room,118D,Jalan Membina,,Blk 118D Jalan Membina,,,90,79,525000,https://www.srx.com.sg/listings/98730661/for-sale-jalan-membina-jalan-membina,20.0,3,2.0
Choa Chu Kang Crescent,HDB 4 Room,691B,Choa Chu Kang Crescent,,Blk 691B Choa Chu Kang Crescent,,,90,79,525000,https://www.srx.com.sg/listings/100396511/for-sale-choa-chu-kang-crescent-choa-chu-kang-crescent,20.0,3,2.0
Choa Chu Kang Crescent,HDB 4 Room,691B,Choa Chu Kang Crescent,,Blk 691B Choa Chu Kang Crescent,,,90,79,469000,https://www.srx.com.sg/listings/100402171/for-sale-choa-chu-kang-crescent-choa-chu-kang-crescent,20.0,3,2.0
Pasir Ris,HDB 4 Room,126,Pasir Ris Street 11,,Blk 126 Pasir Ris Street 11,,,106,65,469000,https://www.srx.com.sg/listings/99874281/for-sale-pasir-ris-street-11-pasir-ris-street-11,34.0,2,2.0
Jurong West,HDB 4 Room,674A,Jurong West Street 65,,Blk 674A Jurong West Street 65,,,91,78,469000,https://www.srx.com.sg/listings/100277511/for-sale-jurong-west-street-65-jurong-west-street-65,21.0,3,2.0
Toa Payoh Green,HDB 3 Room,169,Toa Payoh Green,,Blk 169 Toa Payoh Green,,,76,48,588000,https://www.srx.com.sg/listings/99712541/for-sale-toa-payoh-green-lorong-1-toa-payoh,51.0,2,1.0
Marine Terrace,HDB 3 Room,20,Marine Terrace,,Blk 20 Marine Terrace,,,76,51,588000,https://www.srx.com.sg/listings/99276161/for-sale-marine-terrace-rare-corner-unit,48.0,2,2.0
Jurong West,HDB 5 Room,275C,Jurong West Street 25,,Blk 275C Jurong West Street 25,,,111,78,588000,https://www.srx.com.sg/listings/100661161/for-sale-jurong-west-street-25-jurong-west-street-25,21.0,3,2.0
Rivervale Crescent,HDB 4 Room,156,Rivervale Crescent,,Blk 156 Rivervale Crescent,,,92,81,489000,https://www.srx.com.sg/listings/100692231/for-sale-rivervale-crescent-attractive-unblocked-4rm-hdb-for-sale-call-9386,18.0,3,2.0
Lorong 4 Toa Payoh,HDB 3 Room,66,Lorong 4 Toa Payoh,,Blk 66 Lorong 4 Toa Payoh,,,64,45,489000,https://www.srx.com.sg/listings/100692131/for-sale-lorong-4-toa-payoh-3rm-with-utility-room-unit-for-sale,54.0,2,1.0
Choa Chu Kang,HDB 4 Room,614,Choa Chu Kang Street 62,,Blk 614 Choa Chu Kang Street 62,,,108,72,590000,https://www.srx.com.sg/listings/100513461/for-sale-choa-chu-kang-street-62-4a-choa-chu-kang-vacant-unit,27.0,3,2.0
Ghim Moh,HDB 4 Room,15,Ghim Moh Road,,Blk 15 Ghim Moh Road,,,84,53,590000,https://www.srx.com.sg/listings/75934982/for-sale-ghim-moh-road-ghim-moh-road,46.0,3,2.0
Sengkang East Way,HDB 4 Room,323B,Sengkang East Way,,Blk 323B Sengkang East Way,,,90,78,350000,https://www.srx.com.sg/listings/100695311/for-sale-sengkang-east-way-very-convenient-location,21.0,3,2.0
Pasir Ris,HDB Executive,549,Pasir Ris Street 51,,Blk 549 Pasir Ris Street 51,,,154,68,350000,https://www.srx.com.sg/listings/98122881/for-sale-pasir-ris-street-51-pasir-ris-street-51,31.0,4,3.0
Bukit Batok,HDB 3 Room,150,Bukit Batok Street 11,,Blk 150 Bukit Batok Street 11,,,68,74,350000,https://www.srx.com.sg/listings/100465701/for-sale-bukit-batok-street-11-bukit-batok-street-11,25.0,2,2.0
Serangoon,HDB 4 Room,219,Serangoon Avenue 4,,Blk 219 Serangoon Avenue 4,,,91,60,780000,https://www.srx.com.sg/listings/93107101/for-sale-serangoon-avenue-4-8mins-walk-to-serangoon-central-mrt-station-and-ne,39.0,3,2.0
Fernvale Rivergrove,HDB 4 Room,472A,Fernvale Rivergrove,,Blk 472A Fernvale Rivergrove,,,93,92,780000,https://www.srx.com.sg/listings/100126641/for-sale-fernvale-rivergrove-fernvale-street,7.0,3,2.0
Pasir Ris,HDB Executive,712,Pasir Ris Street 72,,Blk 712 Pasir Ris Street 72,,,148,72,780000,https://www.srx.com.sg/listings/100465811/for-sale-pasir-ris-street-72-pasir-ris-street-72,27.0,3,2.0
Admiralty Place,HDB 5 Room,678,Admiralty Place,,Blk 678 Admiralty Place,,,123,74,570000,https://www.srx.com.sg/listings/99711601/for-sale-admiralty-place-woodlands-avenue-6,25.0,3,2.0
Hougang,HDB 4 Room,336,Hougang Avenue 7,,Blk 336 Hougang Avenue 7,,,91,61,570000,https://www.srx.com.sg/listings/100371811/for-sale-hougang-avenue-7-hougang-avenue-7,38.0,3,2.0
Woodlands,HDB Executive,789,Woodlands Avenue 6,,Blk 789 Woodlands Avenue 6,,,141,73,1100000,https://www.srx.com.sg/listings/100693381/for-sale-woodlands-avenue-6-6-min-walk-to-admiralty-mrt-nicely-renovated-unit,26.0,3+1,2.0
Bedok North,HDB 4 Room,540,Bedok North Street 3,,Blk 540 Bedok North Street 3,,,93,56,1100000,https://www.srx.com.sg/listings/100359821/for-sale-bedok-north-street-3-best-of-bedok,43.0,3,2.0
Bishan,HDB Executive,186,Bishan Street 13,,Blk 186 Bishan Street 13,,,153,63,858000,https://www.srx.com.sg/listings/100530841/for-sale-bishan-street-13-bishan-street-13,36.0,5,3.0
Kallang Bahru,HDB Executive,63,Kallang Bahru,,Blk 63 Kallang Bahru,,,130,50,858000,https://www.srx.com.sg/listings/100577171/for-sale-kallang-bahru-kallang-bahru,49.0,4,2.0
Bedok South,HDB 5 Room,66,Bedok South Avenue 3,,Blk 66 Bedok South Avenue 3,,,123,53,880000,https://www.srx.com.sg/listings/100666131/for-sale-bedok-south-avenue-3-bedok-south-avenue-3,46.0,3,2.0
Wellington View,HDB 4 Room,508B,Wellington View,,Blk 508B Wellington View,,,90,80,880000,https://www.srx.com.sg/listings/99967331/for-sale-wellington-view-spacious-and-efficient-layout,19.0,3,2.0
Compassvale,HDB 4 Room,299A,Compassvale Street,,Blk 299A Compassvale Street,,,113,77,880000,https://www.srx.com.sg/listings/100567051/for-sale-compassvale-street-compassvale-street,22.0,3,2.0
Yishun Ring,HDB 4 Room,410,Yishun Ring Road,,Blk 410 Yishun Ring Road,,,105,64,740000,https://www.srx.com.sg/listings/100545821/for-sale-yishun-ring-road-yishun-ring-road,35.0,3,2.0
Bukit Batok West,HDB 4 Room,172,Bukit Batok West Avenue 8,,Blk 172 Bukit Batok West Avenue 8,,,103,61,740000,https://www.srx.com.sg/listings/100480701/for-sale-bukit-batok-west-avenue-8-bukit-batok-west-avenue-8,38.0,3,2.0
Jurong West,HDB 5 Room,547,Jurong West Street 42,,Blk 547 Jurong West Street 42,,,137,60,245000,https://www.srx.com.sg/listings/100206411/for-sale-jurong-west-street-42-jurong-west-street-42,39.0,3,3.0
Compassvale Crescent,HDB 5 Room,288B,Compassvale Crescent,,Blk 288B Compassvale Crescent,,,113,93,509000,https://www.srx.com.sg/listings/100636441/for-sale-compassvale-crescent-compassvale-crescent,6.0,3,2.0
Lorong Lew Lian,HDB 3 Room,4,Lorong Lew Lian,,Blk 4 Lorong Lew Lian,,,73,54,509000,https://www.srx.com.sg/listings/100593121/for-sale-lorong-lew-lian-no-extension-well-maintained-with-minimal-renovati,45.0,2,2.0
Boon Lay,HDB 3 Room,187,Boon Lay Avenue,,Blk 187 Boon Lay Avenue,,,68,54,509000,https://www.srx.com.sg/listings/100272751/for-sale-boon-lay-avenue-boon-lay-avenue,45.0,2,2.0
Compassvale,HDB 4 Room,298A,Compassvale Street,,Blk 298A Compassvale Street,,,93,77,330000,https://www.srx.com.sg/listings/100672171/for-sale-compassvale-street-compassvale-street,22.0,3,2.0
Bishan,HDB Executive,261,Bishan Street 22,,Blk 261 Bishan Street 22,,,147,68,330000,https://www.srx.com.sg/listings/100566131/for-sale-bishan-street-22-bishan-street-22,31.0,4,2.0
Upper Cross,HDB 3 Room,34,Upper Cross Street,,Blk 34 Upper Cross Street,,,65,51,330000,https://www.srx.com.sg/listings/100075581/for-sale-upper-cross-street-upper-cross-street,48.0,2,1.0
Petir,HDB 4 Room,208,Petir Road,,Blk 208 Petir Road,,,84,64,400000,https://www.srx.com.sg/listings/100273201/for-sale-petir-road-petir-road,35.0,3,2.0
Circuit,HDB 3 Room,85,Circuit Road,,Blk 85 Circuit Road,,,60,46,400000,https://www.srx.com.sg/listings/100046821/for-sale-circuit-road-circuit-road,53.0,2,2.0
Woodlands,HDB 3 Room,319,Woodlands Street 31,,Blk 319 Woodlands Street 31,,,73,69,400000,https://www.srx.com.sg/listings/96058641/for-sale-woodlands-street-31-bundle-sale-3a-reno-hdb-woodland-street-31-complet,30.0,2,2.0
Bukit Batok,HDB Executive,524,Bukit Batok Street 52,,Blk 524 Bukit Batok Street 52,,,146,63,850000,https://www.srx.com.sg/listings/99196161/for-sale-bukit-batok-street-52-bukit-batok-street-52,36.0,3,3.0
Circuit,HDB 3 Room,65,Circuit Road,,Blk 65 Circuit Road,,,59,43,850000,https://www.srx.com.sg/listings/100470221/for-sale-circuit-road-near-amenities-downtown-line-mrt,56.0,2,2.0
Dover,HDB 3 Room,1,Dover Road,,Blk 1 Dover Road,,,73,51,850000,https://www.srx.com.sg/listings/100575971/for-sale-dover-road-dover-road,48.0,3,2.0
Jurong West,HDB 4 Room,987A,Jurong West Street 93,,Blk 987A Jurong West Street 93,,,93,84,768000,https://www.srx.com.sg/listings/100670261/for-sale-jurong-west-street-93-corner-4rm-well-kept-near-mrt-ntu-schools-hawk,15.0,3,2.0
Serangoon North,HDB 5 Room,505,Serangoon North Avenue 4,,Blk 505 Serangoon North Avenue 4,,,124,68,768000,https://www.srx.com.sg/listings/100423371/for-sale-serangoon-north-avenue-4-serangoon-north-avenue-4,31.0,4,2.0
Serangoon North,HDB 5 Room,505,Serangoon North Avenue 4,,Blk 505 Serangoon North Avenue 4,,,124,68,768000,https://www.srx.com.sg/listings/100615861/for-sale-serangoon-north-avenue-4-serangoon-north-avenue-4,31.0,4,2.0
Hougang,HDB 3 Room,321,Hougang Avenue 5,,Blk 321 Hougang Avenue 5,,,67,59,698888,https://www.srx.com.sg/listings/100226651/for-sale-hougang-avenue-5-hougang-avenue-5,40.0,2,2.0
Ang Mo Kio,HDB Executive,578,Ang Mo Kio Avenue 10,,Blk 578 Ang Mo Kio Avenue 10,,,149,56,698888,https://www.srx.com.sg/listings/100513511/for-sale-ang-mo-kio-avenue-10-ang-mo-kio-avenue-10,43.0,4,3.0
Punggol Sails,HDB 4 Room,207A,Punggol Sails,,Blk 207A Punggol Sails,,,92,90,930000,https://www.srx.com.sg/listings/100548381/for-sale-punggol-sails-4a-hdb-3-bedrooms-unit-at-blk-207a-punggol-place,9.0,3,2.0
Boon Lay,HDB 2 Room,180B,Boon Lay Drive,,Blk 180B Boon Lay Drive,,,47,90,930000,https://www.srx.com.sg/listings/100559851/for-sale-boon-lay-drive-must-view-2a-corner-privacy-breezy-big-living,9.0,1,1.0
Bukit Batok,HDB 4 Room,289E,Bukit Batok Street 25,,Blk 289E Bukit Batok Street 25,,,102,74,930000,https://www.srx.com.sg/listings/100702541/for-sale-bukit-batok-street-25-rare-4a-unit-for-sale,25.0,3,2.0
Bedok North,HDB 4 Room,119,Bedok North Road,,Blk 119 Bedok North Road,,,92,54,590000,https://www.srx.com.sg/listings/100607161/for-sale-bedok-north-road-bedok-north-road,45.0,3,2.0
Bedok North,HDB 4 Room,133,Bedok North Avenue 3,,Blk 133 Bedok North Avenue 3,,,92,54,590000,https://www.srx.com.sg/listings/100667071/for-sale-bedok-north-avenue-3-bedok-north-avenue-3,45.0,3,2.0
Montreal,HDB 5 Room,589C,Montreal Drive,,Blk 589C Montreal Drive,,,110,78,590000,https://www.srx.com.sg/listings/97128251/for-sale-montreal-drive-all-races-pr-eligible,21.0,3,2.0
Montreal,HDB 5 Room,589C,Montreal Drive,,Blk 589C Montreal Drive,,,110,78,610000,https://www.srx.com.sg/listings/99373821/for-sale-montreal-drive-montreal-drive,21.0,3,2.0
Anchorvale Lane,HDB Executive,312A,Anchorvale Lane,,Blk 312A Anchorvale Lane,,,130,78,610000,https://www.srx.com.sg/listings/99958261/for-sale-anchorvale-lane-anchorvale-lane,21.0,4,2.0
Jurong West,HDB 3 Room,544,Jurong West Street 42,,Blk 544 Jurong West Street 42,,,74,60,480000,https://www.srx.com.sg/listings/94951391/for-sale-jurong-west-street-42-hdb-3room-for-sale-in-popular-location,39.0,2,2.0
Marine Crescent Ville,HDB 3 Room,30,Marine Crescent Ville,,Blk 30 Marine Crescent Ville,,,76,51,480000,https://www.srx.com.sg/listings/100701961/for-sale-marine-crescent-ville-hdb-3room-improved-besides-tao-nan-school,48.0,3,2.0
Jalan Membina,HDB 5 Room,25B,Jalan Membina,,Blk 25B Jalan Membina,,,110,85,599000,https://www.srx.com.sg/listings/99406111/for-sale-jalan-membina-jalan-membina,14.0,3,2.0
Jalan Klinik,HDB 3 Room,30,Jalan Klinik,,Blk 30 Jalan Klinik,,,68,45,599000,https://www.srx.com.sg/listings/100534231/for-sale-jalan-klinik-jalan-klinik,54.0,3,1.0
Punggol,HDB 4 Room,678B,Punggol Drive,,Blk 678B Punggol Drive,,,93,92,599000,https://www.srx.com.sg/listings/100695841/for-sale-punggol-drive-4-room-hdb-got-sale,7.0,3,2.0
Admiralty,HDB Executive,468C,Admiralty Drive,,Blk 468C Admiralty Drive,,,137,77,650000,https://www.srx.com.sg/listings/100220651/for-sale-admiralty-drive-admiralty-drive,22.0,4,2.0
Canberra,HDB 5 Room,351B,Canberra Road,,Blk 351B Canberra Road,,,110,77,650000,https://www.srx.com.sg/listings/98727311/for-sale-canberra-road-5i-coner-351b-canberra-ground-flr,22.0,3,2.0
Tah Ching,HDB 5 Room,324,Tah Ching Road,,Blk 324 Tah Ching Road,,,122,73,650000,https://www.srx.com.sg/listings/100052921/for-sale-tah-ching-road-tah-ching-road,26.0,4,2.0
Senja,HDB 5 Room,623,Senja Road,,Blk 623 Senja Road,,,110,77,1550000,https://www.srx.com.sg/listings/100644811/for-sale-senja-road-senja-road,22.0,3,2.0
Clementi,HDB 3 Room,365,Clementi Avenue 2,,Blk 365 Clementi Avenue 2,,,67,54,1550000,https://www.srx.com.sg/listings/98519721/for-sale-clementi-avenue-2-clementi-avenue-2,45.0,2,2.0
Tiong Bahru View,HDB 4 Room,9B,Tiong Bahru View,,Blk 9B Tiong Bahru View,,,92,92,560000,https://www.srx.com.sg/listings/100552001/for-sale-tiong-bahru-view-boon-tiong-road,7.0,3,2.0
Bedok Central,HDB 4 Room,219B,Bedok Central,,Blk 219B Bedok Central,,,97,86,560000,https://www.srx.com.sg/listings/99755511/for-sale-bedok-central-4a-corner-bedok-central-blk-219b,13.0,4,2.0
Holland,HDB 3 Room,9,Holland Avenue,,Blk 9 Holland Avenue,,,65,50,540000,https://www.srx.com.sg/listings/99945141/for-sale-holland-avenue-no-extension-corner-unit-with-2-bedrooms-1-util,49.0,3,2.0
Lengkok Bahru,HDB 5 Room,51,Lengkok Bahru,,Blk 51 Lengkok Bahru,,,122,62,540000,https://www.srx.com.sg/listings/99707581/for-sale-lengkok-bahru-nicely-renovated-corner-unit-as-good-as-showroom,37.0,3,2.0
Jurong East,HDB 3 Room,115,Jurong East Street 13,,Blk 115 Jurong East Street 13,,,67,57,540000,https://www.srx.com.sg/listings/100422861/for-sale-jurong-east-street-13-cheap-mid-floor-unit-selling-3xxk-only-grab,42.0,2,2.0
Hougang,HDB 3 Room,6,Hougang Avenue 3,,Blk 6 Hougang Avenue 3,,,59,51,395000,https://www.srx.com.sg/listings/100327141/for-sale-hougang-avenue-3-no-extension-lift-hip-upgrading-works-completed,48.0,2,2.0
Jurong West,HDB 4 Room,732,Jurong West Street 73,,Blk 732 Jurong West Street 73,,,103,71,395000,https://www.srx.com.sg/listings/100459091/for-sale-jurong-west-street-73-4a-next-to-corner-blk-732-jurong-west,28.0,3,2.0
Fernvale,HDB 5 Room,407B,Fernvale Road,,Blk 407B Fernvale Road,,,110,81,560000,https://www.srx.com.sg/listings/100269331/for-sale-fernvale-road-fernvale-road,18.0,3,2.0
Jurong West,HDB Executive,714,Jurong West Street 71,,Blk 714 Jurong West Street 71,,,148,67,560000,https://www.srx.com.sg/listings/100299341/for-sale-jurong-west-street-71-jurong-west-street-71,32.0,4,3.0
Sembawang Close,HDB 5 Room,321,Sembawang Close,,Blk 321 Sembawang Close,,,123,75,569000,https://www.srx.com.sg/listings/100478051/for-sale-sembawang-close-5i-corner-semb-close-321,24.0,3,2.0
Ang Mo Kio,HDB 3 Room,182,Ang Mo Kio Avenue 5,,Blk 182 Ang Mo Kio Avenue 5,,,68,57,569000,https://www.srx.com.sg/listings/100705171/for-sale-ang-mo-kio-avenue-5-ang-mo-kio-avenue-5,42.0,3,2.0
Sumang Lane,HDB 2 Room,221B,Sumang Lane,,Blk 221B Sumang Lane,,,37,94,700000,https://www.srx.com.sg/listings/100705121/for-sale-sumang-lane-sumang-lane,5.0,1,1.0
Tampines,HDB Executive,740,Tampines Street 72,,Blk 740 Tampines Street 72,,,141,73,700000,https://www.srx.com.sg/listings/100705001/for-sale-tampines-street-72-tampines-street-72,26.0,3,2.0
Telok Blangah,HDB 3 Room,93A,Telok Blangah Street 31,,Blk 93A Telok Blangah Street 31,,,68,94,700000,https://www.srx.com.sg/listings/100704991/for-sale-telok-blangah-street-31-telok-blangah-street-31,5.0,2,2.0
Jurong West,HDB 5 Room,758,Jurong West Street 74,,Blk 758 Jurong West Street 74,,,124,72,635000,https://www.srx.com.sg/listings/100704861/for-sale-jurong-west-street-74-jurong-west-street-74,27.0,4,2.0
Woodlands,HDB 3 Room,808,Woodlands Street 81,,Blk 808 Woodlands Street 81,,,73,70,635000,https://www.srx.com.sg/listings/99884911/for-sale-woodlands-street-81-woodlands-street-81,29.0,2,2.0
Jurong West,HDB Executive,828,Jurong West Street 81,,Blk 828 Jurong West Street 81,,,145,69,488000,https://www.srx.com.sg/listings/100704631/for-sale-jurong-west-street-81-jurong-west-street-81,30.0,4,2.0
Dover,HDB 3 Room,1,Dover Road,,Blk 1 Dover Road,,,65,51,488000,https://www.srx.com.sg/listings/100688441/for-sale-dover-road-rare-corner-3i-for-sales,48.0,3,2.0
Lorong 7 Toa Payoh,HDB 3 Room,13,Lorong 7 Toa Payoh,,Blk 13 Lorong 7 Toa Payoh,,,66,46,488000,https://www.srx.com.sg/listings/100598191/for-sale-lorong-7-toa-payoh-lorong-7-toa-payoh,53.0,1,2.0
Dover,HDB 3 Room,1,Dover Road,,Blk 1 Dover Road,,,65,51,458000,https://www.srx.com.sg/listings/100688341/for-sale-dover-road-rare-corner-3i-for-sales,48.0,3,2.0
Compassvale Walk,HDB 5 Room,228C,Compassvale Walk,,Blk 228C Compassvale Walk,,,121,76,580000,https://www.srx.com.sg/listings/99104811/for-sale-compassvale-walk-compassvale-walk,23.0,3,2.0
Fengshan Greenville,HDB 4 Room,186B,Fengshan Greenville,,Blk 186B Fengshan Greenville,,,93,94,580000,https://www.srx.com.sg/listings/99868881/for-sale-fengshan-greenville-bedok-north-street-4,5.0,3,2.0
Townerville,HDB 4 Room,104,Townerville,,Blk 104 Townerville,,,109,59,460000,https://www.srx.com.sg/listings/100688251/for-sale-townerville-rare-squarish-layout-109sqm-4room-corner-flat-in-m,40.0,3,2.0
Dover,HDB 3 Room,1,Dover Road,,Blk 1 Dover Road,,,65,51,460000,https://www.srx.com.sg/listings/100688271/for-sale-dover-road-rare-corner-3i-for-sales,48.0,3,2.0
Dover,HDB 3 Room,1,Dover Road,,Blk 1 Dover Road,,,65,51,460000,https://www.srx.com.sg/listings/100688241/for-sale-dover-road-rare-corner-3i-for-sales,48.0,3,2.0
Telok Blangah,HDB 3 Room,93A,Telok Blangah Street 31,,Blk 93A Telok Blangah Street 31,,,68,94,570000,https://www.srx.com.sg/listings/100698541/for-sale-telok-blangah-street-31-telok-blangah-street-31,5.0,2,2.0
Telok Blangah,HDB 4 Room,91A,Telok Blangah Street 31,,Blk 91A Telok Blangah Street 31,,,93,94,570000,https://www.srx.com.sg/listings/100292761/for-sale-telok-blangah-street-31-telok-blangah-street-31,5.0,3,2.0
Bukit Batok West,HDB 5 Room,440D,Bukit Batok West Avenue 8,,Blk 440D Bukit Batok West Avenue 8,,,112,95,570000,https://www.srx.com.sg/listings/100301971/for-sale-bukit-batok-west-avenue-8-priced-to-sell-rare-unblocked-greenery-view,4.0,3,2.0
Punggol Central,HDB 5 Room,297,Punggol Central,,Blk 297 Punggol Central,,,110,79,820000,https://www.srx.com.sg/listings/100705921/for-sale-punggol-central-297-punggol-central,20.0,3,2.0
Yishun,HDB 3 Room,210,Yishun Street 21,,Blk 210 Yishun Street 21,,,67,61,820000,https://www.srx.com.sg/listings/100209281/for-sale-yishun-street-21-yishun-street-21,38.0,2,2.0
Ang Mo Kio,HDB 4 Room,534,Ang Mo Kio Avenue 10,,Blk 534 Ang Mo Kio Avenue 10,,,93,56,820000,https://www.srx.com.sg/listings/100647241/for-sale-ang-mo-kio-avenue-10-ang-mo-kio-avenue-10,43.0,3,2.0
Lorong 1 Toa Payoh,HDB 3 Room,100,Lorong 1 Toa Payoh,,Blk 100 Lorong 1 Toa Payoh,,,68,46,600000,https://www.srx.com.sg/listings/99807151/for-sale-lorong-1-toa-payoh-lorong-1-toa-payoh,53.0,2,2.0
Punggol Walk,HDB 4 Room,310C,Punggol Walk,,Blk 310C Punggol Walk,,,92,92,600000,https://www.srx.com.sg/listings/100614981/for-sale-punggol-walk-new-listing-spacious-3-bedrooms-near-mrt-n-mall-f,7.0,3,2.0
Upper Boon Keng,HDB 5 Room,2A,Upper Boon Keng Road,,Blk 2A Upper Boon Keng Road,,,110,82,600000,https://www.srx.com.sg/listings/100690671/for-sale-upper-boon-keng-road-spacious-unit-with-unblocked-view-stonethrow-to-m,17.0,3,2.0
Bukit Batok Central,HDB 5 Room,620,Bukit Batok Central,,Blk 620 Bukit Batok Central,,,110,79,430000,https://www.srx.com.sg/listings/100700001/for-sale-bukit-batok-central-bukit-batok-central,20.0,3,2.0
Eunos,HDB 5 Room,415,Eunos Road 5,,Blk 415 Eunos Road 5,,,147,60,430000,https://www.srx.com.sg/listings/100651931/for-sale-eunos-road-5-eunos-road-5,39.0,3,3.0
Jurong East,HDB 5 Room,240,Jurong East Street 21,,Blk 240 Jurong East Street 21,,,121,58,430000,https://www.srx.com.sg/listings/100679341/for-sale-jurong-east-street-21-jurong-east-street-21,41.0,3,2.0
Petir,HDB 4 Room,204,Petir Road,,Blk 204 Petir Road,,,106,64,550000,https://www.srx.com.sg/listings/100012661/for-sale-petir-road-petir-road,35.0,3,2.0
Gangsa,HDB 5 Room,153,Gangsa Road,,Blk 153 Gangsa Road,,,121,74,550000,https://www.srx.com.sg/listings/99242941/for-sale-gangsa-road-gangsa-road,25.0,3,2.0
Lompang,HDB 4 Room,178,Lompang Road,,Blk 178 Lompang Road,,,90,77,550000,https://www.srx.com.sg/listings/100705741/for-sale-lompang-road-no-extension-quiet-facing-point-block-corner-unit,22.0,3,2.0
Jurong West,HDB 4 Room,550,Jurong West Street 42,,Blk 550 Jurong West Street 42,,,104,61,590000,https://www.srx.com.sg/listings/100661131/for-sale-jurong-west-street-42-jurong-west-street-42,38.0,3,2.0
Upper Boon Keng,HDB 5 Room,38,Upper Boon Keng Road,,Blk 38 Upper Boon Keng Road,,,117,52,590000,https://www.srx.com.sg/listings/100705681/for-sale-upper-boon-keng-road-point-blk-very-high-floor-5rm-flat-for-sale,47.0,3,2.0
Tampines Ria,HDB 2 Room,499A,Tampines Ria,,Blk 499A Tampines Ria,,,46,90,450000,https://www.srx.com.sg/listings/100297621/for-sale-tampines-ria-tampines-avenue-9,9.0,1,1.0
Edgedale,HDB 3 Room,661A,Edgedale Plains,,Blk 661A Edgedale Plains,,,67,93,450000,https://www.srx.com.sg/listings/100705601/for-sale-edgedale-plains-your-dream-home-awaits,6.0,2,2.0
Ang Mo Kio,HDB 3 Room,606,Ang Mo Kio Avenue 5,,Blk 606 Ang Mo Kio Avenue 5,,,67,56,450000,https://www.srx.com.sg/listings/100574861/for-sale-ang-mo-kio-avenue-5-ang-mo-kio-avenue-5,43.0,2,2.0
Ghim Moh,HDB 3 Room,5,Ghim Moh Road,,Blk 5 Ghim Moh Road,,,65,52,670000,https://www.srx.com.sg/listings/99442571/for-sale-ghim-moh-road-new-list-for-sales,47.0,2,1.0
Woodlands,HDB Executive,847,Woodlands Street 82,,Blk 847 Woodlands Street 82,,,176,71,670000,https://www.srx.com.sg/listings/100610601/for-sale-woodlands-street-82-beautiful-designers-home-for-sale-must-view,28.0,4,2.0
Jalan Rajah,HDB Executive,106,Jalan Rajah,,Blk 106 Jalan Rajah,,,150,60,450000,https://www.srx.com.sg/listings/100135651/for-sale-jalan-rajah-jalan-rajah,39.0,4,3.0
Ang Mo Kio,HDB 4 Room,350,Ang Mo Kio Street 32,,Blk 350 Ang Mo Kio Street 32,,,95,77,450000,https://www.srx.com.sg/listings/100643681/for-sale-ang-mo-kio-street-32-ang-mo-kio-street-32,22.0,3,2.0
Rivervale Walk,HDB 4 Room,106,Rivervale Walk,,Blk 106 Rivervale Walk,,,100,75,450000,https://www.srx.com.sg/listings/100676611/for-sale-rivervale-walk-rivervale-walk,24.0,3,2.0
Ghim Moh,HDB 3 Room,3,Ghim Moh Road,,Blk 3 Ghim Moh Road,,,65,52,680000,https://www.srx.com.sg/listings/100652041/for-sale-ghim-moh-road-ghim-moh-road,47.0,2,1.0
Tiong Bahru View,HDB 5 Room,9B,Tiong Bahru View,,Blk 9B Tiong Bahru View,,,112,92,680000,https://www.srx.com.sg/listings/91618701/for-sale-tiong-bahru-view-boon-tiong-road,7.0,3,2.0
Ang Mo Kio,HDB 3 Room,503,Ang Mo Kio Avenue 5,,Blk 503 Ang Mo Kio Avenue 5,,,68,57,915000,https://www.srx.com.sg/listings/100606211/for-sale-ang-mo-kio-avenue-5-ang-mo-kio-avenue-5,42.0,2,2.0
Marsiling,HDB 5 Room,138,Marsiling Road,,Blk 138 Marsiling Road,,,170,71,700000,https://www.srx.com.sg/listings/100494621/for-sale-marsiling-road-marsiling-road,28.0,5,3.0
Rivervale,HDB Executive,189A,Rivervale Drive,,Blk 189A Rivervale Drive,,,131,76,700000,https://www.srx.com.sg/listings/99335561/for-sale-rivervale-drive-rivervale-drive,23.0,4,2.0
Woodlands,HDB Executive,893A,Woodlands Drive 50,,Blk 893A Woodlands Drive 50,,,138,72,700000,https://www.srx.com.sg/listings/100492571/for-sale-woodlands-drive-50-woodlands-drive-50,27.0,4,2.0
Sin Ming,HDB 4 Room,406,Sin Ming Avenue,,Blk 406 Sin Ming Avenue,,,84,63,800000,https://www.srx.com.sg/listings/100209061/for-sale-sin-ming-avenue-sin-ming-avenue,36.0,3,2.0
Woodlands,HDB 2 Room,573B,Woodlands Drive 16,,Blk 573B Woodlands Drive 16,,,47,94,800000,https://www.srx.com.sg/listings/100068361/for-sale-woodlands-drive-16-woodlands-drive-16,5.0,1,1.0
Woodlands,HDB 5 Room,364,Woodlands Avenue 5,,Blk 364 Woodlands Avenue 5,,,120,72,800000,https://www.srx.com.sg/listings/100472881/for-sale-woodlands-avenue-5-woodlands-avenue-5,27.0,4,2.0
Ang Mo Kio,HDB 3 Room,449,Ang Mo Kio Avenue 10,,Blk 449 Ang Mo Kio Avenue 10,,,68,55,680000,https://www.srx.com.sg/listings/99964541/for-sale-ang-mo-kio-avenue-10-fully-renovated-all-races-eligible-no-extension,44.0,2,2.0
Bukit Batok West,HDB 4 Room,442B,Bukit Batok West Avenue 8,,Blk 442B Bukit Batok West Avenue 8,,,92,95,680000,https://www.srx.com.sg/listings/100438441/for-sale-bukit-batok-west-avenue-8-corner-unit-unblocked-facing,4.0,3,2.0
Choa Chu Kang,HDB Executive,448,Choa Chu Kang Avenue 4,,Blk 448 Choa Chu Kang Avenue 4,,,139,73,580000,https://www.srx.com.sg/listings/100452781/for-sale-choa-chu-kang-avenue-4-high-floor-corner-unit-unblocked-facing-5-years,26.0,3,3.0
Woodlands Rise,HDB 4 Room,785B,Woodlands Rise,,Blk 785B Woodlands Rise,,,93,94,580000,https://www.srx.com.sg/listings/100615601/for-sale-woodlands-rise-woodlands-rise,5.0,3,2.0
Serangoon North,HDB Executive,542,Serangoon North Avenue 4,,Blk 542 Serangoon North Avenue 4,,,149,68,668000,https://www.srx.com.sg/listings/100153971/for-sale-serangoon-north-avenue-4-serangoon-north-avenue-4,31.0,3,3.0
Upper Cross,HDB 3 Room,34,Upper Cross Street,,Blk 34 Upper Cross Street,,,65,51,668000,https://www.srx.com.sg/listings/100071571/for-sale-upper-cross-street-upper-cross-street,48.0,2,1.0
Punggol Sails,HDB 3 Room,208C,Punggol Sails,,Blk 208C Punggol Sails,,,68,90,668000,https://www.srx.com.sg/listings/100705861/for-sale-punggol-sails-punggol-place,9.0,2,2.0
Toh Guan,HDB 4 Room,285B,Toh Guan Road,,Blk 285B Toh Guan Road,,,103,74,395000,https://www.srx.com.sg/listings/100705781/for-sale-toh-guan-road-toh-guan-road,25.0,3,2.0
Senja,HDB 5 Room,627,Senja Road,,Blk 627 Senja Road,,,110,80,395000,https://www.srx.com.sg/listings/100690181/for-sale-senja-road-627-high-floor-5i-premium-hdb-at-senja-road,19.0,3,2.0
Bedok Reservoir,HDB 2 Room,103,Bedok Reservoir Road,,Blk 103 Bedok Reservoir Road,,,753,61,395000,https://www.srx.com.sg/listings/100690031/for-sale-bedok-reservoir-road-beautiful-scenic-view-very-quiet-impeccable-mov,38.0,2,2.0
Lorong 1 Toa Payoh,HDB 3 Room,115,Lorong 1 Toa Payoh,,Blk 115 Lorong 1 Toa Payoh,,,65,43,380000,https://www.srx.com.sg/listings/100566221/for-sale-lorong-1-toa-payoh-lorong-1-toa-payoh,56.0,2,1.0
Jalan Teck Whye,HDB 4 Room,160,Jalan Teck Whye,,Blk 160 Jalan Teck Whye,,,101,74,380000,https://www.srx.com.sg/listings/100705401/for-sale-jalan-teck-whye-jalan-teck-whye,25.0,3,2.0
Yishun,HDB 4 Room,457,Yishun Street 41,,Blk 457 Yishun Street 41,,,93,89,380000,https://www.srx.com.sg/listings/99314501/for-sale-yishun-street-41-yishun-street-41,10.0,3,2.0
Ang Mo Kio,HDB 3 Room,602,Ang Mo Kio Avenue 5,,Blk 602 Ang Mo Kio Avenue 5,,,67,56,748000,https://www.srx.com.sg/listings/99351761/for-sale-ang-mo-kio-avenue-5-high-floor-breezy-3-room-flat,43.0,2,2.0
Punggol Central,HDB Executive,188,Punggol Central,,Blk 188 Punggol Central,,,128,80,748000,https://www.srx.com.sg/listings/100040571/for-sale-punggol-central-punggol-central,19.0,3,2.0
Hougang,HDB 5 Room,627,Hougang Avenue 8,,Blk 627 Hougang Avenue 8,,,122,62,770000,https://www.srx.com.sg/listings/99552891/for-sale-hougang-avenue-8-hougang-avenue-8,37.0,3,2.0
Parkland Residences,HDB 4 Room,475A,Parkland Residences,,Blk 475A Parkland Residences,,,92,90,770000,https://www.srx.com.sg/listings/100267661/for-sale-parkland-residences-upper-serangoon-crescent,9.0,3,2.0
Hougang,HDB Executive,353,Hougang Avenue 7,,Blk 353 Hougang Avenue 7,,,148,60,405000,https://www.srx.com.sg/listings/100631611/for-sale-hougang-avenue-7-hougang-avenue-7,39.0,3,3.0
Jurong East,HDB 3 Room,233,Jurong East Street 21,,Blk 233 Jurong East Street 21,,,67,58,405000,https://www.srx.com.sg/listings/100539861/for-sale-jurong-east-street-21-jurong-east-street-21,41.0,2,2.0
Marsiling Greenview,HDB 4 Room,184A,Marsiling Greenview,,Blk 184A Marsiling Greenview,,,93,94,750000,https://www.srx.com.sg/listings/100696051/for-sale-marsiling-greenview-high-floor-well-maintained-newly-mop,5.0,3,2.0
Bukit Batok West,HDB 5 Room,170,Bukit Batok West Avenue 8,,Blk 170 Bukit Batok West Avenue 8,,,134,61,750000,https://www.srx.com.sg/listings/100538031/for-sale-bukit-batok-west-avenue-8-bukit-batok-west-avenue-8,38.0,3,2.0
Bishan,HDB 5 Room,161,Bishan Street 13,,Blk 161 Bishan Street 13,,,121,64,755000,https://www.srx.com.sg/listings/100587151/for-sale-bishan-street-13-bishan-street-13,35.0,4,2.0
Sumang Lane,HDB 5 Room,232A,Sumang Lane,,Blk 232A Sumang Lane,,,113,94,755000,https://www.srx.com.sg/listings/99713821/for-sale-sumang-lane-a-vibrant-live-work-play-learn-ecosystem-in-punggo,5.0,3,2.0
Woodlands,HDB Executive,893A,Woodlands Drive 50,,Blk 893A Woodlands Drive 50,,,138,72,755000,https://www.srx.com.sg/listings/100497071/for-sale-woodlands-drive-50-woodlands-drive-50,27.0,4,2.0
Tampines,HDB 3 Room,201D,Tampines Street 21,,Blk 201D Tampines Street 21,,,68,63,720000,https://www.srx.com.sg/listings/96184711/for-sale-tampines-street-21-live-close-to-all,36.0,2,2.0
Jurong West,HDB 4 Room,989B,Jurong West Street 93,,Blk 989B Jurong West Street 93,,,93,84,720000,https://www.srx.com.sg/listings/100645981/for-sale-jurong-west-street-93-4a-jurong-w-corner-blk-989b,15.0,3,2.0
Punggol Bayview,HDB 4 Room,322B,Punggol Bayview,,Blk 322B Punggol Bayview,,,93,95,738000,https://www.srx.com.sg/listings/100404761/for-sale-punggol-bayview-322b-sumang-walk-punggol-bayview-hdb,4.0,3,2.0
Sun Plaza Green,HDB 3 Room,405,Sun Plaza Green,,Blk 405 Sun Plaza Green,,,60,61,738000,https://www.srx.com.sg/listings/99934821/for-sale-sun-plaza-green-tampines-street-41,38.0,2,1.0
Upper Serangoon,HDB 5 Room,465,Upper Serangoon Road,,Blk 465 Upper Serangoon Road,,,124,68,799000,https://www.srx.com.sg/listings/100586401/for-sale-upper-serangoon-road-upper-serangoon-road,31.0,4,2.0
Havelock,HDB 3 Room,22,Havelock Road,,Blk 22 Havelock Road,,,64,45,799000,https://www.srx.com.sg/listings/100306081/for-sale-havelock-road-havelock-road,54.0,3,1.0
Hougang,HDB 4 Room,925,Hougang Street 91,,Blk 925 Hougang Street 91,,,101,74,799000,https://www.srx.com.sg/listings/100347321/for-sale-hougang-street-91-hougang-street-91,25.0,3,2.0
Parc Lumiere,HDB 5 Room,167A,Parc Lumiere,,Blk 167A Parc Lumiere,,,111,87,799000,https://www.srx.com.sg/listings/100030621/for-sale-parc-lumiere-simei-lane,12.0,3,2.0
Punggol,HDB 4 Room,678B,Punggol Drive,,Blk 678B Punggol Drive,,,93,92,799000,https://www.srx.com.sg/listings/100695841/for-sale-punggol-drive-4-room-hdb-got-sale,7.0,3,2.0
Hougang,HDB 3 Room,674,Hougang Avenue 8,,Blk 674 Hougang Avenue 8,,,65,63,799000,https://www.srx.com.sg/listings/100644901/for-sale-hougang-avenue-8-high-floor-near-amenities-3mth-extension-open-t,36.0,2,2.0
Tampines,HDB 4 Room,423,Tampines Street 41,,Blk 423 Tampines Street 41,,,84,61,599000,https://www.srx.com.sg/listings/100697251/for-sale-tampines-street-41-rare-4s-unit-for-sale,38.0,3,2.0
Tampines,HDB 4 Room,218,Tampines Street 24,,Blk 218 Tampines Street 24,,,104,61,599000,https://www.srx.com.sg/listings/100697221/for-sale-tampines-street-24-rare-104sqm-4a-unit-for-same,38.0,3,2.0
Keat Hong Close,HDB 5 Room,805D,Keat Hong Close,,Blk 805D Keat Hong Close,,,113,93,599000,https://www.srx.com.sg/listings/100498041/for-sale-keat-hong-close-keat-hong-close,6.0,3,2.0
Pandan Gardens,HDB 5 Room,407,Pandan Gardens,,Blk 407 Pandan Gardens,,,104,55,599000,https://www.srx.com.sg/listings/100331241/for-sale-pandan-gardens-pandan-gardens,44.0,3,2.0
Edgefield,HDB 5 Room,181,Edgefield Plains,,Blk 181 Edgefield Plains,,,110,79,530000,https://www.srx.com.sg/listings/100596641/for-sale-edgefield-plains-edgefield-plains,20.0,3,2.0
Lorong 5 Toa Payoh,HDB 3 Room,57,Lorong 5 Toa Payoh,,Blk 57 Lorong 5 Toa Payoh,,,61,49,530000,https://www.srx.com.sg/listings/100323681/for-sale-lorong-5-toa-payoh-lorong-5-toa-payoh,50.0,2,1.0
Lorong 1 Toa Payoh,HDB 3 Room,115,Lorong 1 Toa Payoh,,Blk 115 Lorong 1 Toa Payoh,,,65,43,530000,https://www.srx.com.sg/listings/100648671/for-sale-lorong-1-toa-payoh-lorong-1-toa-payoh,56.0,2,2.0
Choa Chu Kang,HDB Executive,272,Choa Chu Kang Avenue 2,,Blk 272 Choa Chu Kang Avenue 2,,,147,69,950000,https://www.srx.com.sg/listings/97770601/for-sale-choa-chu-kang-avenue-2-choa-chu-kang-avenue-2,30.0,4,2.0
Woodlands,HDB Executive,167,Woodlands Street 11,,Blk 167 Woodlands Street 11,,,163,70,950000,https://www.srx.com.sg/listings/96855421/for-sale-woodlands-street-11-woodlands-street-11,29.0,4,3.0
Teban Vista,HDB 4 Room,20,Teban Vista,,Blk 20 Teban Vista,,,92,89,430000,https://www.srx.com.sg/listings/100602251/for-sale-teban-vista-teban-gardens-road,10.0,3,2.0
Buangkok Square,HDB 4 Room,992A,Buangkok Square,,Blk 992A Buangkok Square,,,93,95,430000,https://www.srx.com.sg/listings/100696201/for-sale-buangkok-square-well-renovated-4room-unit-for-sale,4.0,3,2.0
Buangkok Link,HDB 2 Room,992A,Buangkok Link,,Blk 992A Buangkok Link,,,47,94,430000,https://www.srx.com.sg/listings/100302751/for-sale-buangkok-link-buangkok-link,5.0,1,1.0
Montreal Ville,HDB 4 Room,593A,Montreal Ville,,Blk 593A Montreal Ville,,,93,91,450000,https://www.srx.com.sg/listings/100525621/for-sale-montreal-ville-montreal-link,8.0,3,2.0
Hougang,HDB Executive,353,Hougang Avenue 7,,Blk 353 Hougang Avenue 7,,,"1,593",60,425000,https://www.srx.com.sg/listings/100609011/for-sale-hougang-avenue-7-353-hougang-avenue-7,39.0,3,3.0
Hougang,HDB 3 Room,523,Hougang Avenue 6,,Blk 523 Hougang Avenue 6,,,74,62,425000,https://www.srx.com.sg/listings/99669921/for-sale-hougang-avenue-6-hougang-avenue-6,37.0,2,2.0
Woodlands,HDB 5 Room,690A,Woodlands Drive 75,,Blk 690A Woodlands Drive 75,,,110,80,550000,https://www.srx.com.sg/listings/98015601/for-sale-woodlands-drive-75-woodlands-drive-75,19.0,3,2.0
Tampines,HDB 5 Room,461,Tampines Street 44,,Blk 461 Tampines Street 44,,,122,62,550000,https://www.srx.com.sg/listings/99116251/for-sale-tampines-street-44-tampines-street-44,37.0,3,2.0
Woodlands,HDB Executive,325,Woodlands Street 32,,Blk 325 Woodlands Street 32,,,163,71,550000,https://www.srx.com.sg/listings/99511321/for-sale-woodlands-street-32-woodlands-street-32,28.0,4,3.0
Jurong West,HDB 5 Room,653A,Jurong West Street 61,,Blk 653A Jurong West Street 61,,,111,78,805000,https://www.srx.com.sg/listings/100294931/for-sale-jurong-west-street-61-jurong-west-street-61,21.0,3,2.0
Chai Chee,HDB 4 Room,35,Chai Chee Avenue,,Blk 35 Chai Chee Avenue,,,82,51,805000,https://www.srx.com.sg/listings/100563721/for-sale-chai-chee-avenue-chai-chee-avenue,48.0,3,1.0
Jalan Damai,HDB 5 Room,670,Jalan Damai,,Blk 670 Jalan Damai,,,125,72,805000,https://www.srx.com.sg/listings/100509621/for-sale-jalan-damai-jalan-damai,27.0,4,2.0
Whampoa West,HDB 3 Room,34,Whampoa West,,Blk 34 Whampoa West,,,68,48,805000,https://www.srx.com.sg/listings/100698431/for-sale-whampoa-west-3rm-hdb-with-utility-room-close-to-amenities-and,51.0,3,1.0
Bukit Batok West,HDB 4 Room,394,Bukit Batok West Avenue 5,,Blk 394 Bukit Batok West Avenue 5,,,92,80,930000,https://www.srx.com.sg/listings/100698421/for-sale-bukit-batok-west-avenue-5-new-listing-bright-and-airy-top-floor-4a-for-sale,19.0,3,2.0
Sin Ming,HDB 5 Room,442,Sin Ming Avenue,,Blk 442 Sin Ming Avenue,,,120,66,930000,https://www.srx.com.sg/listings/100260551/for-sale-sin-ming-avenue-sin-ming-avenue,33.0,4,2.0
Hougang,HDB 5 Room,521,Hougang Avenue 6,,Blk 521 Hougang Avenue 6,,,121,63,930000,https://www.srx.com.sg/listings/100663841/for-sale-hougang-avenue-6-521-hougang-avenue-6,36.0,3,2.0
Chai Chee,HDB 3 Room,37,Chai Chee Avenue,,Blk 37 Chai Chee Avenue,,,66,59,650000,https://www.srx.com.sg/listings/99884551/for-sale-chai-chee-avenue-chai-chee-avenue,40.0,2,1.0
Yishun,HDB 4 Room,147,Yishun Street 11,,Blk 147 Yishun Street 11,,,93,61,650000,https://www.srx.com.sg/listings/100697111/for-sale-yishun-street-11-corner-unit-4rm-flat-looking-for-a-new-yishun-owne,38.0,3,2.0
Jalan Batu,HDB 2 Room,7,Jalan Batu,,Blk 7 Jalan Batu,,,48,46,685000,https://www.srx.com.sg/listings/100482431/for-sale-jalan-batu-jalan-batu,53.0,1,1.0
Bukit Batok East,HDB 3 Room,231,Bukit Batok East Avenue 5,,Blk 231 Bukit Batok East Avenue 5,,,67,61,685000,https://www.srx.com.sg/listings/100618421/for-sale-bukit-batok-east-avenue-5-bukit-batok-east-avenue-5,38.0,2,2.0
Canberra,HDB 5 Room,351A,Canberra Road,,Blk 351A Canberra Road,,,110,77,740000,https://www.srx.com.sg/listings/98460211/for-sale-canberra-road-across-the-mrt-station-superb-location-5-room-f,22.0,3,2.0
Cheng San Court,HDB 4 Room,591A,Cheng San Court,,Blk 591A Cheng San Court,,,93,95,740000,https://www.srx.com.sg/listings/98198271/for-sale-cheng-san-court-4a-hdb-m-o-p-for-sales,4.0,3,2.0
Macpherson Residency,HDB 4 Room,17A,Macpherson Residency,,Blk 17A Macpherson Residency,,,93,92,740000,https://www.srx.com.sg/listings/99736841/for-sale-macpherson-residency-circuit-road,7.0,3,2.0
Bukit Batok,HDB 5 Room,514,Bukit Batok Street 52,,Blk 514 Bukit Batok Street 52,,,122,62,555000,https://www.srx.com.sg/listings/100090491/for-sale-bukit-batok-street-52-bukit-batok-street-52,37.0,3,2.0
Jelapang,HDB 4 Room,506,Jelapang Road,,Blk 506 Jelapang Road,,,101,74,555000,https://www.srx.com.sg/listings/100439061/for-sale-jelapang-road-jelapang-road,25.0,3,2.0
Senja,HDB 5 Room,605,Senja Road,,Blk 605 Senja Road,,,121,75,555000,https://www.srx.com.sg/listings/100124941/for-sale-senja-road-senja-road,24.0,3,2.0
Bukit Batok,HDB Executive,140,Bukit Batok Street 11,,Blk 140 Bukit Batok Street 11,,,150,60,755000,https://www.srx.com.sg/listings/97588601/for-sale-bukit-batok-street-11-bukit-batok-street-11,39.0,3,3.0
Senja,HDB 5 Room,655,Senja Road,,Blk 655 Senja Road,,,111,77,755000,https://www.srx.com.sg/listings/98634281/for-sale-senja-road-senja-road,22.0,3,2.0
Choa Chu Kang,HDB 5 Room,687D,Choa Chu Kang Drive,,Blk 687D Choa Chu Kang Drive,,,110,79,658000,https://www.srx.com.sg/listings/100280411/for-sale-choa-chu-kang-drive-choa-chu-kang-drive,20.0,3,2.0
Bukit Batok,HDB Executive,140,Bukit Batok Street 11,,Blk 140 Bukit Batok Street 11,,,150,60,658000,https://www.srx.com.sg/listings/97584471/for-sale-bukit-batok-street-11-bukit-batok-street-11,39.0,3,3.0
Bukit Batok,HDB 3 Room,523,Bukit Batok Street 52,,Blk 523 Bukit Batok Street 52,,,60,63,658000,https://www.srx.com.sg/listings/100686661/for-sale-bukit-batok-street-52-bukit-batok-street-52,36.0,2,1.0
Pasir Ris,HDB Executive,714,Pasir Ris Street 72,,Blk 714 Pasir Ris Street 72,,,148,72,390000,https://www.srx.com.sg/listings/100702801/for-sale-pasir-ris-street-72-pasir-ris-street-72,27.0,4,2.0
Ang Mo Kio,HDB 3 Room,434,Ang Mo Kio Avenue 10,,Blk 434 Ang Mo Kio Avenue 10,,,67,55,620000,https://www.srx.com.sg/listings/100435961/for-sale-ang-mo-kio-avenue-10-ang-mo-kio-avenue-10,44.0,2,2.0
Ang Mo Kio,HDB 5 Room,430,Ang Mo Kio Avenue 3,,Blk 430 Ang Mo Kio Avenue 3,,,119,55,620000,https://www.srx.com.sg/listings/100702611/for-sale-ang-mo-kio-avenue-3-high-floor-spacious-5-room-hdb-near-amk-hub-mrt,44.0,3,2.0
Choa Chu Kang Central,HDB 5 Room,226,Choa Chu Kang Central,,Blk 226 Choa Chu Kang Central,,,124,69,620000,https://www.srx.com.sg/listings/100011521/for-sale-choa-chu-kang-central-choa-chu-kang-central,30.0,4,2.0
Jurong West,HDB 5 Room,728,Jurong West Avenue 5,,Blk 728 Jurong West Avenue 5,,,121,65,850000,https://www.srx.com.sg/listings/99643891/for-sale-jurong-west-avenue-5-jurong-west-avenue-5,34.0,4,2.0
Bedok Reservoir,HDB 4 Room,134,Bedok Reservoir Road,,Blk 134 Bedok Reservoir Road,,,84,63,850000,https://www.srx.com.sg/listings/100618761/for-sale-bedok-reservoir-road-bedok-reservoir-road,36.0,3,2.0
Woodlands,HDB 3 Room,161,Woodlands Street 13,,Blk 161 Woodlands Street 13,,,73,66,580000,https://www.srx.com.sg/listings/100700141/for-sale-woodlands-street-13-high-floor-corner-stack-1-min-walk-to-marsiling-m,33.0,2,2.0
Eunos Crescent,HDB 4 Room,31,Eunos Crescent,,Blk 31 Eunos Crescent,,,90,83,400000,https://www.srx.com.sg/listings/100038561/for-sale-eunos-crescent-best-stack-and-best-garden-facing-unit,16.0,3,2.0
Jurong West,HDB Executive,409,Jurong West Street 42,,Blk 409 Jurong West Street 42,,,150,61,600000,https://www.srx.com.sg/listings/100699041/for-sale-jurong-west-street-42-very-high-floor-unblock-currently-4-bedrooms-pro,38.0,4,3.0
Lompang,HDB 4 Room,178,Lompang Road,,Blk 178 Lompang Road,,,91,77,600000,https://www.srx.com.sg/listings/100699021/for-sale-lompang-road-lompang-road,22.0,3,2.0
Bedok Reservoir,HDB Executive,641,Bedok Reservoir Road,,Blk 641 Bedok Reservoir Road,,,146,69,850000,https://www.srx.com.sg/listings/100619681/for-sale-bedok-reservoir-road-bedok-reservoir-road,30.0,4,2.0
Edgefield,HDB 4 Room,671B,Edgefield Plains,,Blk 671B Edgefield Plains,,,90,91,850000,https://www.srx.com.sg/listings/100376831/for-sale-edgefield-plains-edgefield-plains,8.0,3,2.0
Jurong West,HDB 4 Room,623,Jurong West Street 61,,Blk 623 Jurong West Street 61,,,90,77,480000,https://www.srx.com.sg/listings/100574621/for-sale-jurong-west-street-61-jurong-west-street-61,22.0,3,2.0
Marsiling Greenview,HDB 3 Room,185B,Marsiling Greenview,,Blk 185B Marsiling Greenview,,,68,95,480000,https://www.srx.com.sg/listings/100653121/for-sale-marsiling-greenview-woodlands-street-13,4.0,2,2.0
Choa Chu Kang,HDB 4 Room,435,Choa Chu Kang Avenue 4,,Blk 435 Choa Chu Kang Avenue 4,,,104,69,480000,https://www.srx.com.sg/listings/100609031/for-sale-choa-chu-kang-avenue-4-choa-chu-kang-avenue-4,30.0,3,2.0
Matilda Edge,HDB 4 Room,220C,Matilda Edge,,Blk 220C Matilda Edge,,,93,94,480000,https://www.srx.com.sg/listings/100092201/for-sale-matilda-edge-matilda-edge,5.0,3,2.0
Yishun Riverwalk,HDB 4 Room,334B,Yishun Riverwalk,,Blk 334B Yishun Riverwalk,,,92,91,480000,https://www.srx.com.sg/listings/99976771/for-sale-yishun-riverwalk-yishun-street-31,8.0,3,2.0
Upper Boon Keng,HDB 5 Room,16,Upper Boon Keng Road,,Blk 16 Upper Boon Keng Road,,,141,51,480000,https://www.srx.com.sg/listings/99967431/for-sale-upper-boon-keng-road-upper-boon-keng-road,48.0,6,4.0
