Location_Name,Location_Type,Blk_No,Address,Postal_Code,Full_Address,Long,Lat,floor_area_sqm,remaining_lease,Price,Link,Leased_Used,Num_Bed,Num_Toilet
Ang Mo Kio,HDB 3 Room,345,Ang Mo Kio Avenue 3,,345 Ang Mo Kio Avenue 3,103.69474520353214,1.3449643999999998,73,54,490000,https://www.99.co/singapore/sale/property/345-ang-mo-kio-avenue-3-hdb-XU4bgEYz7rfko9XjJQUop6,45,2,2
Jurong West,HDB Executive,831,Jurong West Street 81,,831 Jurong West Street 81,103.83209517491406,1.4504511,145,69,768000,https://www.99.co/singapore/sale/property/831-jurong-west-street-81-hdb-3aCQDcnauca9F9JJH7F2k3,30,4,2
Canberra,HDB 3 Room,104A,Canberra Street,,104A Canberra Street,103.7724303,1.3871612,67,94,458000,https://www.99.co/singapore/sale/property/104a-canberra-street-hdb-QwfHcHM9QMPGAHo72xnMbb,5,2,2
Segar,HDB 5 Room,481,Segar Road,,481 Segar Road,103.74122046968948,1.35200965,109,78,525000,https://www.99.co/singapore/sale/property/481-segar-road-hdb-7cyTaxVSLnf4yPu99NmqrW,21,3,2
Bukit Batok West,HDB 4 Room,449B,Bukit Batok West Avenue 9,,449B Bukit Batok West Avenue 9,103.9449039,1.3578346,92,95,580000,https://www.99.co/singapore/sale/property/449b-bukit-batok-west-avenue-9-hdb-28GHdjVWyAjQuzaKQQozVG,4,3,2
Tampines,HDB 2 Bed,405,Tampines,,405 Tamp,103.69578853719722,1.3362063000000002,59,61,399000,https://www.99.co/singapore/sale/property/405-tampines-street-41-hdb-VuLr2vhqzEhKKZB7j9sANn,38,2,2
Jurong West,HDB 5 Room,988B,Jurong West Street 93,,988B Jurong West Street 93,103.93872908541844,1.3504382000000001,109,84,650000,https://www.99.co/singapore/sale/property/988b-jurong-west-street-93-hdb-aK8dm7NxVWWPmmA6DPm4og,15,3,2
Tampines,HDB 4 Room,908,Tampines,,908 Tamp,103.95352502116896,1.35468965,103,59,615000,https://www.99.co/singapore/sale/property/908-tampines-avenue-4-hdb-GeqUYtta9XdQZEkUZcouuG,40,3,2
Tampines,HDB 3 Room,214,Tampines,,214 Tamp,103.72191338742039,1.32674395,66,61,450000,https://www.99.co/singapore/sale/property/214-tampines-street-23-hdb-BeyvvDHKuSZ6nzLLN4put7,38,2,2
Corporation,HDB 1 Bed,150A,Corporation Drive,,150A Corporation Drive,103.7494054077894,1.3462442000000001,37,94,358000,https://www.99.co/singapore/sale/property/150a-corporation-drive-hdb-ghZ2cL8oAoSrCmsFjJCuEQ,5,1Bed,1
Bukit Batok,HDB 3 Bed,207,Bukit Batok Street 21,,207 Bukit Batok Street 21,103.83848947021875,1.3785227500000001,103,59,540000,https://www.99.co/singapore/sale/property/207-bukit-batok-street-21-hdb-VFMoDqigCntuYePnPDGCJr,40,3,2
Ang Mo Kio,HDB 4 Room,619,Ang Mo Kio Avenue 4,,619 Ang Mo Kio Avenue 4,103.8338372238754,1.36895025,107,72,690000,https://www.99.co/singapore/sale/property/619-ang-mo-kio-avenue-4-hdb-gUHBxo8nUycSCiCBsBh3iM,27,3,2
Ang Mo Kio,HDB 5 Room,260B,Ang Mo Kio Street 21,,260B Ang Mo Kio Street 21,103.7845391372372,1.43323285,112,94,1188888,https://www.99.co/singapore/sale/property/260b-ang-mo-kio-street-21-hdb-9ZwxAjeJGRZ4aTujzJziT9,5,3,2
Woodlands,HDB 4 Room,357,Woodlands Avenue 5,,357 Woodlands Avenue 5,103.7933269,1.4443687,143,72,900000,https://www.99.co/singapore/sale/property/357-woodlands-avenue-5-hdb-VrZoPvp6Haca6bnrQ4igGa,27,4,3
Woodlands,HDB Executive,849,Woodlands Street 82,,849 Woodlands Street 82,103.94176813148232,1.34779425,178,71,1050000,https://www.99.co/singapore/sale/property/849-woodlands-street-82-hdb-ddiZjFqmnfYUqJZyHHnjbe,28,6,2
Tampines,HDB Executive,938,Tampines,,938 Tamp,103.7994296,1.4458254,146,64,898000,https://www.99.co/singapore/sale/property/938-tampines-avenue-5-hdb-djwA9jiViEk2KAwxQEtLRg,35,4,3
Woodlands,HDB 3 Bed,693B,Woodlands Avenue 6,,693B Woodlands Avenue 6,103.93280765177364,1.3593575,91,94,610000,https://www.99.co/singapore/sale/property/693b-woodlands-avenue-6-hdb-YtRc9d8YZ5fkngLfGKEcfw,5,3,2
Tampines,HDB Executive,740,Tampines,,740 Tamp,103.91188732693576,1.3235764,140,73,840000,https://www.99.co/singapore/sale/property/740-tampines-street-72-hdb-4hD5UCp5Znr4wRePkNgPHq,26,4,2
Lengkong Tiga,HDB 4 Room,113,Lengkong Tiga,,113 Lengkong Tiga,103.9626695157531,1.3557844000000001,108,65,728000,https://www.99.co/singapore/sale/property/113-lengkong-tiga-hdb-7KirkfA2P5wpwCJqhH3XMb,34,3,2
Tampines,HDB 4 Room,361,Tampines,,361 Tamp,103.8308684,1.2873399,127,72,720000,https://www.99.co/singapore/sale/property/361-tampines-street-34-hdb-9275u7BHF6faAnqPfCvfAJ,27,4,2
Taman Ho Swee,HDB 3 Room,12,Taman Ho Swee,,12 Taman Ho Swee,103.8117337,1.4046918,53,46,320000,https://www.99.co/singapore/sale/property/12-taman-ho-swee-hdb-EPMJUfn2aLmizexERSLkbR,53,2,1
Yishun,HDB 3 Bed,676C,Yishun Road,,676C Yishun Road,103.9485369,1.352862,92,94,565000,https://www.99.co/singapore/sale/property/676c-yishun-ring-road-hdb-5Dd7fYj3bEpSiZuvDDGEUA,5,3,2
Tampines,HDB 4 Room,251,Tampines,,251 Tamp,103.92899194195202,1.32977185,101,61,595000,https://www.99.co/singapore/sale/property/251-tampines-street-21-hdb-5KFEjLFcrikuPfEpUpLLV7,38,3,2
Bedok North,HDB 3 Room,426,Bedok North Road,,426 Bedok North Road,9.953184309849087,51.512053699999996,66,55,420000,https://www.99.co/singapore/sale/property/426-bedok-north-road-hdb-mkywHqojTUicng3zpq83CL,44,3,2
Sa,HDB 3 Bed,4B,Sa,,4B Sa,103.74003732983272,1.3549035,104,72,710000,https://www.99.co/singapore/sale/property/4b-saint-georges-lane-hdb-XUBrzMk3drnqEmFUyigzw4,27,3,2
Bukit Batok West,HDB 4 Room,461A,Bukit Batok West Avenue 8,,461A Bukit Batok West Avenue 8,103.80842240563408,1.2927719,92,95,680000,https://www.99.co/singapore/sale/property/461a-bukit-batok-west-avenue-8-hdb-UrskP8bYGdATFpxRtGBvUV,4,3,2
Strathmore,HDB 3 Room,53,Strathmore Avenue,,53 Strathmore Avenue,103.94717757200927,1.3479955000000001,61,82,780000,https://www.99.co/singapore/sale/property/53-strathmore-avenue-hdb-REDaMm87GYyW9F4Aw278oM,17,2,2
Tampines,HDB 4 Room,105,Tampines,,105 Tamp,103.89999311467625,1.3753185499999998,104,58,599000,https://www.99.co/singapore/sale/property/105-tampines-street-11-hdb-AdBqJjAdpo8J6XbwicJFm5,41,3,2
Upper Serangoon Crescent,HDB 5 Room,475C,Upper Serangoon Crescent,,475C Upper Serangoon Crescent,103.94678994008518,1.375216,111,90,1000000,https://www.99.co/singapore/sale/property/475c-upper-serangoon-crescent-hdb-RQbLT2eyKc7KSPb3w4kakF,9,4,2
Pasir Ris,HDB Executive,582,Pasir Ris Street 53,,582 Pasir Ris Street 53,103.7693303,1.3175955,146,71,900000,https://www.99.co/singapore/sale/property/582-pasir-ris-street-53-hdb-MB7eKXadY3TsqXLwKM8Pc8,28,4,2
Clementi,HDB 3 Room,345,Clementi Avenue 5,,345 Clementi Avenue 5,103.73564735233461,1.3387726500000001,81,55,490000,https://www.99.co/singapore/sale/property/345-clementi-avenue-5-hdb-AryVKTtLEn2WRAz4tNGFWU,44,2,2
Jurong East,HDB 5 Room,111,Jurong East Street 13,,111 Jurong East Street 13,103.74688720406533,1.3473462,119,57,628000,https://www.99.co/singapore/sale/property/111-jurong-east-street-13-hdb-EvrsHpMAmdRUTv3yaWELu8,42,3,2
Bukit Batok West,HDB 4 Room,108,Bukit Batok West Avenue 6,,108 Bukit Batok West Avenue 6,103.8677965,1.3551991,103,61,545000,https://www.99.co/singapore/sale/property/108-bukit-batok-west-avenue-6-hdb-78SWWeuTvJHazJmDScFSj4,38,3,2
Serangoon,HDB 5 Room,310,Serangoon Avenue 2,,310 Serangoon Avenue 2,103.85520706263839,1.3336044999999999,120,61,800000,https://www.99.co/singapore/sale/property/310-serangoon-avenue-2-hdb-VjuPHV8fRXFzhG5mRvy6Vm,38,3,2
Toa Payoh East,HDB 4 Room,261,Toa Payoh East,,261 Toa Payoh East,103.807752,1.441645,91,94,1100000,https://www.99.co/singapore/sale/property/261-toa-payoh-east-hdb-EQcNGVyuPUaVUjivwqPbU5,5,3,2
Woodlands,HDB 3 Room,687A,Woodlands Drive 75,,687A Woodlands Drive 75,103.74440368917297,1.3523307500000001,113,79,568000,https://www.99.co/singapore/sale/property/687a-woodlands-drive-75-hdb-6eboNheoYNy5chuLGzrk7r,20,3,2
Bukit Batok West,HDB 4 Room,450B,Bukit Batok West Avenue 6,,450B Bukit Batok West Avenue 6,103.90089649975198,1.40395735,92,95,599999,https://www.99.co/singapore/sale/property/450b-bukit-batok-west-avenue-6-hdb-PhRYGRqCsNy2GBqRJFjJMo,4,3,2
Punggol Walk,HDB 4 Room,271C,Punggol Walk,,271C Punggol Walk,103.71070161287156,1.34517205,92,90,680000,https://www.99.co/singapore/sale/property/271c-punggol-walk-hdb-7LH5yxyD2CkxDyurMtYtoE,9,3,2
Boon Lay,HDB 3 Room,187,Boon Lay Avenue,,187 Boon Lay Avenue,103.77988113371447,1.43215595,67,54,330000,https://www.99.co/singapore/sale/property/187-boon-lay-avenue-hdb-QAvxTAyvFCjiSxgHEiArQq,45,2,1
Woodlands,HDB Executive,345,Woodlands Street 32,,345 Woodlands Street 32,103.89144666256863,1.40162445,174,71,1020000,https://www.99.co/singapore/sale/property/345-woodlands-street-32-hdb-ZsPLJwvmc3BWnwxukDnYW9,28,6,4
Sumang Lane,HDB 5 Room,234B,Sumang Lane,,234B Sumang Lane,103.8777803,1.3749575,112,94,699999,https://www.99.co/singapore/sale/property/234b-sumang-lane-hdb-UAR4aE97y8qnHNBs9F35hJ,5,3,2
Hougang,HDB 4 Room,965,Hougang Avenue 9,,965 Hougang Avenue 9,103.74255019782768,1.3526771499999999,100,75,513000,https://www.99.co/singapore/sale/property/965-hougang-avenue-9-hdb-EnJK5WBPbbM2if5GY3zwtr,24,3,2
Bukit Batok West,HDB 5 Room,452A,Bukit Batok West Avenue 6,,452A Bukit Batok West Avenue 6,103.85305915791608,1.3752136,114,95,810000,https://www.99.co/singapore/sale/property/452a-bukit-batok-west-avenue-6-hdb-Gfae4rMoKRhFhXevYpn6c8,4,3,2
Ang Mo Kio,HDB 3 Room,537,Ang Mo Kio Avenue 5,,537 Ang Mo Kio Avenue 5,103.71726395084579,1.35409055,91,56,518000,https://www.99.co/singapore/sale/property/537-ang-mo-kio-avenue-5-hdb-Sd3tBfp3UYMyUwQDknjBN6,43,3,2
Jurong West,HDB Executive,558,Jurong West Street 42,,558 Jurong West Street 42,103.8438180100004,1.3649558499999999,150,61,777000,https://www.99.co/singapore/sale/property/558-jurong-west-street-42-hdb-8sG9hNSAETEijno5AmyLLc,38,3,3
Ang Mo Kio,HDB 4 Room,310A,Ang Mo Kio Avenue 1,,310A Ang Mo Kio Avenue 1,103.73513104536396,1.3799865,93,88,748865,https://www.99.co/singapore/sale/property/310a-ang-mo-kio-avenue-1-hdb-FpHtEbCbDvhPCEkRXdtFiS,11,3,2
Choa Chu Kang,HDB 4 Bed,453,Choa Chu Kang Avenue 4,,453 Choa Chu Kang Avenue 4,103.75360430077282,1.347467,141,76,739888,https://www.99.co/singapore/sale/property/453-choa-chu-kang-avenue-4-hdb-6QLPcipyuDHC8uPQLWm96r,23,4,2
Bukit Batok East,HDB Executive,221,Bukit Batok East Avenue 3,,221 Bukit Batok East Avenue 3,103.90083343066243,1.4112124,148,61,870000,https://www.99.co/singapore/sale/property/221-bukit-batok-east-avenue-3-hdb-BGXnYvAhreejoetVVV8V8s,38,4,3
Sumang Link,HDB 5 Room,312B,Sumang Link,,312B Sumang Link,103.87025658648464,1.3541311999999999,112,91,740000,https://www.99.co/singapore/sale/property/312b-sumang-link-hdb-Dz9Xbzpx2nAs6Q84Rtjpor,8,3,2
Serangoon,HDB 3 Bed,237,Serangoon Avenue 3,,237 Serangoon Avenue 3,103.73692739888344,1.32157225,83,61,588000,https://www.99.co/singapore/sale/property/237-serangoon-avenue-3-hdb-4mRFtWDMjCStHoqXvn5sQ9,38,3,2
Teban Gardens,HDB 3 Room,54,Teban Gardens Road,,54 Teban Gardens Road,103.8470071800628,1.41940085,63,62,359999,https://www.99.co/singapore/sale/property/54-teban-gardens-road-hdb-nG7faEBciXbg7YN2HWbmyC,37,2,2
Yishun,HDB 2 Bed,432A,Yishun Avenue 1,,432A Yishun Avenue 1,103.83630116339762,1.4213263,111,91,650000,https://www.99.co/singapore/sale/property/432a-yishun-avenue-1-hdb-EST8J6nQjmVaPHbb9YdagP,8,2,2
Yishun,HDB Executive,606,Yishun Street 61,,606 Yishun Street 61,103.9388661968753,1.3281545000000001,141,63,830000,https://www.99.co/singapore/sale/property/606-yishun-street-61-hdb-BZM94XrBWsnHhK3nDEYN4k,36,3,2
Bedok North,HDB 3 Room,126,Bedok North Street 2,,126 Bedok North Street 2,103.9155061,1.4016256,66,54,365000,https://www.99.co/singapore/sale/property/126-bedok-north-street-2-hdb-cfisJGtktjzzCSywrxRrSh,45,2,2
Edgedale,HDB 2 Bed,682C,Edgedale Plains,,682C Edgedale Plains,103.96166969180207,1.3698717500000002,67,94,475000,https://www.99.co/singapore/sale/property/682c-edgedale-plains-hdb-PHGsJsPEcpiaDuDX2cRhpe,5,2,2
Pasir Ris,HDB Executive,220,Pasir Ris Street 21,,220 Pasir Ris Street 21,103.85823245,1.3244152,147,69,830000,https://www.99.co/singapore/sale/property/220-pasir-ris-street-21-hdb-cQAqfAGiUGcD2A2tfc2FcW,30,4,2
Whampoa,HDB 3 Room,75,Whampoa Drive,,75 Whampoa Drive,103.88907218230408,1.3787140500000001,65,50,360000,https://www.99.co/singapore/sale/property/75-whampoa-drive-hdb-WMfSwuPFayx4iUK9VbKKyx,49,2,1
Hougang,HDB 4 Room,567,Hougang Street 51,,567 Hougang Street 51,103.88039117797143,1.3773423,99,73,599000,https://www.99.co/singapore/sale/property/567-hougang-street-51-hdb-QPPYhJrXooon6kBF6ZUpg3,26,3,2
Hougang,HDB 4 Room,976,Hougang Street 91,,976 Hougang Street 91,103.76595706413028,1.3214131,100,75,598000,https://www.99.co/singapore/sale/property/976-hougang-street-91-hdb-mkn3R5w87DFoy38rCm8rnt,24,3,2
Clementi,HDB 3 Room,306,Clementi Avenue 4,,306 Clementi Avenue 4,103.88199386705348,1.3834958,66,55,360000,https://www.99.co/singapore/sale/property/306-clementi-avenue-4-hdb-3tz9xe7ZAWuKEJzSfEYUE4,44,2,2
Buangkok Link,HDB 1 Bed,992A,Buangkok Link,,992A Buangkok Link,103.94944249989042,1.34555415,37,95,348888,https://www.99.co/singapore/sale/property/992a-buangkok-link-hdb-6XTu7kevxtgmE6Dd6r87wd,4,1Bed,1
Tampines,HDB Executive,124,Tampines,,124 Tamp,103.8789947,1.3932594,147,62,888000,https://www.99.co/singapore/sale/property/124-tampines-street-11-hdb-ZVtnFpvB9C2YDmoSDwU3nc,37,3,3
Fernvale Link,HDB 5 Room,468C,Fernvale Link,,468C Fernvale Link,103.909482,1.393332,112,92,750000,https://www.99.co/singapore/sale/property/468c-fernvale-link-hdb-E8b9Hii7bUG7snQ7J63vqx,7,3,2
Edgedale,HDB 4 Room,684D,Edgedale Plains,,684D Edgedale Plains,103.73703311027397,1.35517125,92,94,619888,https://www.99.co/singapore/sale/property/684d-edgedale-plains-hdb-Dz2YnHQVfk7399CoqXamQv,5,3,2
Bukit Batok West,HDB 5 Room,440D,Bukit Batok West Avenue 8,,440D Bukit Batok West Avenue 8,103.88011183737828,1.38382505,111,95,695000,https://www.99.co/singapore/sale/property/440d-bukit-batok-west-avenue-8-hdb-gogGUnMij5yauuR4fZS488,4,3,2
Buangkok Crescent,HDB 1 Bed,998A,Buangkok Crescent,,998A Buangkok Crescent,103.8213624397755,1.2866077,46,94,368888,https://www.99.co/singapore/sale/property/998a-buangkok-crescent-hdb-nSiH9mfR48wfsSrWFPFiUt,5,1Bed,1
Henderson,HDB 3 Bed,95A,Henderson Road,,95A Henderson Road,103.89569519226804,1.4044862,92,95,1100000,https://www.99.co/singapore/sale/property/95a-henderson-road-hdb-UwEhwtczUtjP6NNnkDNMo5,4,3,2
Punggol Field,HDB 5 Room,259C,Punggol Field,,259C Punggol Field,103.7661974,1.3846632,112,92,729000,https://www.99.co/singapore/sale/property/259c-punggol-field-hdb-7uC9wwcRp8qmteJueoUJdw,7,3,2
Jelapang,HDB Executive,503,Jelapang Road,,503 Jelapang Road,103.85414666381953,1.3653542500000002,144,74,909000,https://www.99.co/singapore/sale/property/503-jelapang-road-hdb-FA3oJyZZL5imn9gHywcWjS,25,4,3
Ang Mo Kio,HDB 3 Room,419,Ang Mo Kio Avenue 10,,419 Ang Mo Kio Avenue 10,103.826187,1.283514,88,55,450000,https://www.99.co/singapore/sale/property/419-ang-mo-kio-avenue-10-hdb-b83xY7xfvR89iG34cPuFjK,44,2,2
Jalan Memb,HDB 5 Room,25A,Jalan Memb,,25A Jalan Memb,103.96365230237183,1.3653214999999999,109,84,1199000,https://www.99.co/singapore/sale/property/25a-jalan-membina-hdb-hUMBPEwNd2q9r6iANQSE8x,15,3,2
Pasir Ris,HDB Executive,269,Pasir Ris Street 21,,269 Pasir Ris Street 21,103.8851536,1.3732074,146,70,900000,https://www.99.co/singapore/sale/property/269-pasir-ris-street-21-hdb-b5bZJBrL6paomFZhnURQi8,29,4,2
Hougang,HDB Executive,578,Hougang Avenue 4,,578 Hougang Avenue 4,103.89572964503105,1.3669035,140,73,1158888,https://www.99.co/singapore/sale/property/578-hougang-avenue-4-hdb-fvKZaRwwbWB5nWyXLkhbHi,26,4,3
Hougang,HDB 3 Bed,308,Hougang Avenue 5,,308 Hougang Avenue 5,103.7754625,1.4292054,92,59,550000,https://www.99.co/singapore/sale/property/308-hougang-avenue-5-hdb-EhFTzV2CzrjqLh6DXRNMEE,40,3,2
Woodlands,HDB 4 Bed,331,Woodlands Avenue 1,,331 Woodlands Avenue 1,103.7613979,1.382166,191,70,1000000,https://www.99.co/singapore/sale/property/331-woodlands-avenue-1-hdb-jKf8Nd5oifRkeiHwLBt6qc,29,4,3
Senja,HDB 5 Room,655,Senja Road,,655 Senja Road,103.85148137626547,1.3363019,109,77,535000,https://www.99.co/singapore/sale/property/655-senja-road-hdb-WcLvNKgbwMSj27PiLRXsK7,22,3,2
Lorong 4 Toa Payoh,HDB 5 Room,62,Lorong 4 Toa Payoh,,62 Lorong 4 Toa Payoh,103.73803364790064,1.3407551,120,75,1015000,https://www.99.co/singapore/sale/property/62-lorong-4-toa-payoh-hdb-Va8rJVHYi4dojBbcMbzg42,24,3,2
Jurong East,HDB 4 Room,219,Jurong East Street 21,,219 Jurong East Street 21,103.83331271790347,1.4457054500000002,90,61,508000,https://www.99.co/singapore/sale/property/219-jurong-east-street-21-hdb-DvAHUhxxhSSosibXhQwgRV,38,3,2
Canberra,HDB 4 Room,128A,Canberra Street,,128A Canberra Street,103.89387087569563,1.38326495,92,94,658000,https://www.99.co/singapore/sale/property/128a-canberra-street-hdb-nk7wSKJDWqEH4FRtVe6PNE,5,3,2
Compassvale Link,HDB 4 Room,275C,Compassvale Link,,275C Compassvale Link,103.90437258648484,1.33104865,90,85,670000,https://www.99.co/singapore/sale/property/275c-compassvale-link-hdb-6JFsEeXkwwC3KkmKVjx8DX,14,3,2
Bedok Reservoir,HDB Executive,636,Bedok Reservoir Road,,636 Bedok Reservoir Road,103.88821347490706,1.3733647,145,69,1199988,https://www.99.co/singapore/sale/property/636-bedok-reservoir-road-hdb-EQy6RRpY4UeDkidRfFHguK,30,4,2
Hougang,HDB 5 Room,504,Hougang Avenue 8,,504 Hougang Avenue 8,103.90057566673144,1.40947825,120,63,600000,https://www.99.co/singapore/sale/property/504-hougang-avenue-8-hdb-B4mB9Ng6o2B4QKmtKoSADu,36,3,2
Punggol Walk,HDB 4 Room,310B,Punggol Walk,,310B Punggol Walk,103.8180590179067,1.4466914,91,92,678888,https://www.99.co/singapore/sale/property/310b-punggol-walk-hdb-bPP8Be7g8bfPeSUWcfPnyW,7,3,2
Sembawang Close,HDB 4 Room,330,Sembawang Close,,330 Sembawang Close,103.8532999,1.36948655,119,75,650000,https://www.99.co/singapore/sale/property/330-sembawang-close-hdb-5nfTtbEo5qj3Kth5SXfo6M,24,4,2
Ang Mo Kio,HDB 4 Room,426,Ang Mo Kio Avenue 3,,426 Ang Mo Kio Avenue 3,103.8562822,1.3146262,91,54,500000,https://www.99.co/singapore/sale/property/426-ang-mo-kio-avenue-3-hdb-7zbvCnL6rJAAYAAXHwnz5t,45,3,2
Tessensohn,HDB 4 Room,683,Tessensohn Road,,683 Tessensohn Road,103.7613979,1.382166,9,62,680000,https://www.99.co/singapore/sale/property/683-tessensohn-road-hdb-TVnAcMNAvFn7RLMTSC6pYW,37,3,2
Senja,HDB 5 Room,604,Senja Road,,604 Senja Road,103.9064918,1.3973079,119,75,809000,https://www.99.co/singapore/sale/property/604-senja-road-hdb-MtKbyvruGcg9gZYJwy3F8F,24,3,2
Edgefield,HDB 4 Room,114,Edgefield Plains,,114 Edgefield Plains,103.89198128732876,1.40217465,130,79,750000,https://www.99.co/singapore/sale/property/114-edgefield-plains-hdb-naoir3hTgrmMnbFw6FNr5X,20,4,2
Sumang Lane,HDB 3 Bed,231A,Sumang Lane,,231A Sumang Lane,103.7553714386543,1.3494693,92,94,618888,https://www.99.co/singapore/sale/property/231a-sumang-lane-hdb-42iiccAW4QDpeJkv9ZnXTJ,5,3,2
Bukit Batok East,HDB 3 Room,237,Bukit Batok East Avenue 5,,237 Bukit Batok East Avenue 5,103.8495686451834,1.34150025,72,61,388000,https://www.99.co/singapore/sale/property/237-bukit-batok-east-avenue-5-hdb-DugAVJJVjFzpKijSMvTmbN,38,2,2
Toa Payoh North,HDB 3 Bed,202,Toa Payoh North,,202 Toa Payoh North,103.69657434885107,1.3380570999999999,86,49,460000,https://www.99.co/singapore/sale/property/202-toa-payoh-north-hdb-N9MwuJ39bgTP6gm7xJHpf2,50,3,2
Jurong West,HDB 5 Room,650A,Jurong West Street 61,,650A Jurong West Street 61,103.95811075,1.37057235,109,76,620000,https://www.99.co/singapore/sale/property/650a-jurong-west-street-61-hdb-UyFJzxGhGLBPs8y6RScb3Y,23,3,2
Pasir Ris,HDB Executive,448,Pasir Ris Drive 6,,448 Pasir Ris Drive 6,103.84636184611658,1.3398189,145,65,950000,https://www.99.co/singapore/sale/property/448-pasir-ris-drive-6-hdb-hUZvRU4RLnBsg357ciUykh,34,4,3
Lorong 2 Toa Payoh,HDB 4 Room,122,Lorong 2 Toa Payoh,,122 Lorong 2 Toa Payoh,103.8344013,1.3809074,100,75,838000,https://www.99.co/singapore/sale/property/122-lorong-2-toa-payoh-hdb-TaadnSHzvZ5goqpijJD6og,24,3,2
Ang Mo Kio,HDB 3 Room,182,Ang Mo Kio Avenue 5,,182 Ang Mo Kio Avenue 5,103.86643904692839,1.33453395,68,57,390000,https://www.99.co/singapore/sale/property/182-ang-mo-kio-avenue-5-hdb-ac5VsmN97gF9YyqQ2BP7Wc,42,2,2
Potong Pasir,HDB 3 Room,134,Potong Pasir Avenue 3,,134 Potong Pasir Avenue 3,103.75790273783377,1.3866613,73,60,480000,https://www.99.co/singapore/sale/property/134-potong-pasir-avenue-3-hdb-UoAWVz2QxsW5LTWvNknT5A,39,2,2
Senja,HDB 3 Bed,635B,Senja Road,,635B Senja Road,103.77098870993761,1.3354601000000001,92,91,648000,https://www.99.co/singapore/sale/property/635b-senja-road-hdb-is4PXCogoS4PtTRCEJJYWm,8,3,2
Toh Yi,HDB 4 Room,11,Toh Yi Drive,,11 Toh Yi Drive,103.8884955,1.3604806,107,65,938000,https://www.99.co/singapore/sale/property/11-toh-yi-drive-hdb-7wAoUUASawvd39kXE9V4Hz,34,3,2
Hougang,HDB 3 Room,109,Hougang Avenue 1,,109 Hougang Avenue 1,103.826338,1.282259,79,59,450000,https://www.99.co/singapore/sale/property/109-hougang-avenue-1-hdb-gQCnJCS5badbDpeH6D8act,40,2,2
Jalan Memb,HDB 5 Room,118C,Jalan Memb,,118C Jalan Memb,103.88811000697577,1.3925638,109,79,980000,https://www.99.co/singapore/sale/property/118c-jalan-membina-hdb-P8uW4ohrHibQSFt5uUHzd3,20,3,2
Anchorvale,HDB Executive,315C,Anchorvale Road,,315C Anchorvale Road,103.842444,1.429548,124,79,718888,https://www.99.co/singapore/sale/property/315c-anchorvale-road-hdb-jgPhzLUSb8tF3hG23wozMF,20,3,2
Yishun,HDB Executive,326,Yishun Road,,326 Yishun Road,103.77093141504011,1.3351798000000001,145,64,928000,https://www.99.co/singapore/sale/property/326-yishun-ring-road-hdb-Q4GfhS7hHzgPwgobcMGSxT,35,4,3
Toh Yi,HDB 4 Room,1,Toh Yi Drive,,1 Toh Yi Drive,103.8495469088343,1.34753865,103,64,950000,https://www.99.co/singapore/sale/property/1-toh-yi-drive-hdb-YXh6uMhivm87RoVftV2mKT,35,3,2
Bishan,HDB 3 Room,116,Bishan Street 12,,116 Bishan Street 12,103.80404730873177,1.4474597,63,61,490000,https://www.99.co/singapore/sale/property/116-bishan-street-12-hdb-Lmte5dDvCXbbb25NydR6Jn,38,2,2
Woodlands Rise,HDB 5 Room,783A,Woodlands Rise,,783A Woodlands Rise,139.6469924,35.6435964,112,94,650000,https://www.99.co/singapore/sale/property/783a-woodlands-rise-hdb-NLZngytDSGDyhjuahCBD4e,5,3,2
Mei Link,HDB 3 Room,160,Mei Link,,160 Mei Link,103.87008954578724,1.31493535,71,46,430000,https://www.99.co/singapore/sale/property/160-mei-ling-street-hdb-c87sWDQgjjgubtNhkhcrwA,53,2,2
Upper Boon Keng,HDB 5 Room,14,Upper Boon Keng Road,,14 Upper Boon Keng Road,103.84774419843228,1.3683445,120,75,938000,https://www.99.co/singapore/sale/property/14-upper-boon-keng-road-hdb-SQdNwTp6tu7FXpFNwXDEeB,24,4,2
Ang Mo Kio,HDB 3 Room,322,Ang Mo Kio Avenue 3,,322 Ang Mo Kio Avenue 3,103.8733387599992,1.39176705,72,53,470000,https://www.99.co/singapore/sale/property/322-ang-mo-kio-avenue-3-hdb-NKg5zvNof6ejggaZKHn4b9,46,2,2
Jalan Kayu,HDB 4 Room,446B,Jalan Kayu,,446B Jalan Kayu,103.8047322,1.439558,92,89,600000,https://www.99.co/singapore/sale/property/446b-jalan-kayu-hdb-657VoqkdeRFCDGFzSpkfyr,10,3,2
Woodlands,HDB 4 Room,683A,Woodlands Drive 62,,683A Woodlands Drive 62,103.78390781924094,1.43413875,104,76,540000,https://www.99.co/singapore/sale/property/683a-woodlands-drive-62-hdb-KhF7RbKjU5CJUY2EUN9D6T,23,3,2
Woodlands,HDB Executive,359,Woodlands Avenue 5,,359 Woodlands Avenue 5,103.83918743465611,1.3495664500000002,150,72,888888,https://www.99.co/singapore/sale/property/359-woodlands-avenue-5-hdb-5DF5ErcpER2uDJTobvuPKk,27,4,3
Shunfu,HDB 2 Bed,302,Shunfu Road,,302 Shunfu Road,103.8420419,1.4157902,70,60,550000,https://www.99.co/singapore/sale/property/302-shunfu-road-hdb-NqPVvxvCmVaUzqzLdaqaAi,39,2,2
Yishun,HDB 4 Room,512B,Yishun Street 51,,512B Yishun Street 51,103.85683279630615,1.37227435,92,93,545000,https://www.99.co/singapore/sale/property/512b-yishun-street-51-hdb-Y9Ws2JxEJJhV4fSJoQxGjQ,6,3,2
Ang Mo Kio,HDB 5 Room,552,Ang Mo Kio Avenue 10,,552 Ang Mo Kio Avenue 10,103.96027230046545,1.3527596499999999,118,56,758000,https://www.99.co/singapore/sale/property/552-ang-mo-kio-avenue-10-hdb-NX5GtYqFKppiEfWKc7SAJN,43,3,2
Tampines,HDB Executive,336,Tampines,,336 Tamp,103.89969830297898,1.38561945,146,72,875000,https://www.99.co/singapore/sale/property/336-tampines-street-32-hdb-gQsHxrKkCu4vcbXorDoJcA,27,3,2
Compassvale Lane,HDB 4 Room,211D,Compassvale Lane,,211D Compassvale Lane,103.88962607213378,1.3984442000000001,92,89,600000,https://www.99.co/singapore/sale/property/211d-compassvale-lane-hdb-HpaMa9FQ7ZoCnK6QLe2zYy,10,3,2
Anchorvale Crescent,HDB 3 Room,334A,Anchorvale Crescent,,334A Anchorvale Crescent,103.88084210330027,1.37659075,66,91,488000,https://www.99.co/singapore/sale/property/334a-anchorvale-crescent-hdb-daXLBcyzYQWHTN2Cdxn6gf,8,2,2
Hougang,HDB 4 Room,927,Hougang Street 91,,927 Hougang Street 91,103.93443682797769,1.3519689499999998,100,74,590000,https://www.99.co/singapore/sale/property/927-hougang-street-91-hdb-kvBqJTaRN4yCQaVCMtvdHd,25,3,2
Tampines,HDB 4 Room,843,Tampines,,843 Tamp,103.747246,1.377199,83,64,508000,https://www.99.co/singapore/sale/property/843-tampines-street-83-hdb-cRPsS87wh5rfRVD73dtxvZ,35,3,2
Choa Chu Kang,HDB 5 Room,807C,Choa Chu Kang Avenue 1,,807C Choa Chu Kang Avenue 1,103.88953728280413,1.39957445,112,93,650000,https://www.99.co/singapore/sale/property/807c-choa-chu-kang-avenue-1-hdb-EqRea7VJdK3PRzpLjW62rt,6,3,2
Anchorvale Crescent,HDB 4 Room,338B,Anchorvale Crescent,,338B Anchorvale Crescent,103.87943952124174,1.3349051,92,94,600000,https://www.99.co/singapore/sale/property/338b-anchorvale-crescent-hdb-CQt3nnNqaGT9USqrfUkpH7,5,3,2
Joo Seng,HDB 2 Room,9,Joo Seng Road,,9 Joo Seng Road,103.85398119999999,1.3009377500000001,68,93,580000,https://www.99.co/singapore/sale/property/9-joo-seng-road-hdb-AucyrHsu3qaRgdFvX25dxj,6,2,2
Queen,HDB 3 Room,271,Queen Street,,271 Queen Street,103.84502432715232,1.3304833,68,55,630000,https://www.99.co/singapore/sale/property/271-queen-street-hdb-ZCtuQHTmrZ4yrRTU5XB3hk,44,2,2
Lorong 1 Toa Payoh,HDB 1 Bed,161,Lorong 1 Toa Payoh,,161 Lorong 1 Toa Payoh,103.93695665416212,1.32160965,39,48,310000,https://www.99.co/singapore/sale/property/161-lorong-1-toa-payoh-hdb-AQUW8QKDwksda93HjCqai5,51,1Bed,1
Bedok South,HDB Executive,10E,Bedok South Avenue 2,,10E Bedok South Avenue 2,103.751172,1.4021345,13,69,980000,https://www.99.co/singapore/sale/property/10e-bedok-south-avenue-2-hdb-oFtP7mokXNK8t2SfYuzbB7,30,4,2
Choa Chu Kang Crescent,HDB 4 Room,692B,Choa Chu Kang Crescent,,692B Choa Chu Kang Crescent,103.82702766018093,1.43352875,89,79,518000,https://www.99.co/singapore/sale/property/692b-choa-chu-kang-crescent-hdb-HportMJ4M2wJtZmbuvNujz,20,3,2
Yishun,HDB 3 Bed,115B,Yishun Road,,115B Yishun Road,103.9494855616708,1.3423696,91,77,498888,https://www.99.co/singapore/sale/property/115b-yishun-ring-road-hdb-7KcqdwWvsd4M4RDNuD9no6,22,3,2
Simei,HDB Executive,111,Simei Street 1,,111 Simei Street 1,103.88627080646336,1.35340035,145,63,950000,https://www.99.co/singapore/sale/property/111-simei-street-1-hdb-ePow4oEhqUZmzR6LzpMEuW,36,4,3
Hougang,HDB 3 Room,123,Hougang Avenue 1,,123 Hougang Avenue 1,103.92192894307725,1.3310533,66,57,378000,https://www.99.co/singapore/sale/property/123-hougang-avenue-1-hdb-Kreyf4Xy5s6fXmZfKZp6RV,42,2,2
Bedok North,HDB 4 Room,540,Bedok North Street 3,,540 Bedok North Street 3,103.85216530075189,1.4252259500000002,92,56,515000,https://www.99.co/singapore/sale/property/540-bedok-north-street-3-hdb-FHj6HzJpxiWDALYP2X4xgk,43,3,2
Yishun,HDB 4 Room,468A,Yishun Street 43,,468A Yishun Street 43,103.7120806,1.3510113,92,94,600000,https://www.99.co/singapore/sale/property/468a-yishun-street-43-hdb-cW2P3RfwmLyaerKe5pRaF5,5,3,2
Boon Lay,HDB 4 Bed,218D,Boon Lay Avenue,,218D Boon Lay Avenue,103.74355264815564,1.3726778,120,94,718888,https://www.99.co/singapore/sale/property/218d-boon-lay-avenue-hdb-D4v4idDZqCr3df73eEvJSg,5,4,3
Keat Hong Close,HDB 3 Room,805C,Keat Hong Close,,805C Keat Hong Close,103.84351805056198,1.41604805,10,93,610000,https://www.99.co/singapore/sale/property/805c-keat-hong-close-hdb-bBdJWBe6K4V86pv4B4X4S6,6,3,2
Yishun,HDB 5 Room,513A,Yishun Street 51,,513A Yishun Street 51,103.8448870863424,1.35612865,112,94,650000,https://www.99.co/singapore/sale/property/513a-yishun-street-51-hdb-2AhJxcvd4x3mr4nPQL6Dn7,5,3,2
Bishan,HDB 4 Room,290,Bishan Street 24,,290 Bishan Street 24,103.94384629895677,1.31849105,102,74,730000,https://www.99.co/singapore/sale/property/290-bishan-street-24-hdb-F5AjSggZUDkj4NKSA4uf3p,25,3,2
Bedok South,HDB 5 Room,66,Bedok South Avenue 3,,66 Bedok South Avenue 3,103.8588206072868,1.3364868,123,53,740000,https://www.99.co/singapore/sale/property/66-bedok-south-avenue-3-hdb-GxH9sAiy2yDHrSUq6uzeHe,46,3,2
Lorong 7 Toa Payoh,HDB 3 Room,13,Lorong 7 Toa Payoh,,13 Lorong 7 Toa Payoh,103.89894851854501,1.40820745,65,46,348888,https://www.99.co/singapore/sale/property/13-lorong-7-toa-payoh-hdb-6N7ikKed5pyiuZDmt9qGXB,53,2,1
Punggol Walk,HDB 3 Room,308C,Punggol Walk,,308C Punggol Walk,103.89449643063017,1.3850562,66,92,500000,https://www.99.co/singapore/sale/property/308c-punggol-walk-hdb-QVgfGTuhNa4qoySz3XhNhk,7,2,2
Sengkang Central,HDB 4 Room,271C,Sengkang Central,,271C Sengkang Central,103.83611210000001,1.41444155,92,86,635000,https://www.99.co/singapore/sale/property/271c-sengkang-central-hdb-A6WpLP3c4NEdL7zCj2GdgC,13,3,2
Yishun,HDB 4 Room,879,Yishun Street 81,,879 Yishun Street 81,103.77588597000698,1.43360225,83,63,488000,https://www.99.co/singapore/sale/property/879-yishun-street-81-hdb-KEDZDz36iNyhoaFGgsDKVk,36,3,2
Woodlands,HDB Executive,167,Woodlands Street 11,,167 Woodlands Street 11,103.72313820995441,1.32737635,163,70,1068000,https://www.99.co/singapore/sale/property/167-woodlands-street-11-hdb-BuXUFijNpnTbV4bn2yyFnr,29,4,2
Corporation,HDB 4 Room,140A,Corporation Drive,,140A Corporation Drive,103.8948586,1.3715094,92,95,598000,https://www.99.co/singapore/sale/property/140a-corporation-drive-hdb-NHstfNf4rYa4ncbE3jZ97y,4,3,2
Hougang,HDB 4 Room,415,Hougang Avenue 10,,415 Hougang Avenue 10,103.8388666,1.4142698,91,61,538000,https://www.99.co/singapore/sale/property/415-hougang-avenue-10-hdb-btbLw829zndnuQxkJg3f6w,38,3,2
Yishun,HDB 4 Room,506C,Yishun Avenue 4,,506C Yishun Avenue 4,103.85662062676296,1.3475255499999998,92,94,625000,https://www.99.co/singapore/sale/property/506c-yishun-avenue-4-hdb-ayptqxCfhEQfJFQVkEpV6s,5,3,2
Bishan,HDB 4 Room,161,Bishan Street 13,,161 Bishan Street 13,103.85496525927232,1.37179045,103,64,690000,https://www.99.co/singapore/sale/property/161-bishan-street-13-hdb-BPnGW8ioRZV5QTjRWTUQLT,35,3,2
Ang Mo Kio,HDB Executive,578,Ang Mo Kio Avenue 10,,578 Ang Mo Kio Avenue 10,103.8798375,1.3692515,148,56,1150000,https://www.99.co/singapore/sale/property/578-ang-mo-kio-avenue-10-hdb-Ytid5Gj7sy3sUf5sMEGbfp,43,4,4
Hougang,HDB 4 Room,467,Hougang Avenue 8,,467 Hougang Avenue 8,103.84281325907892,1.35644755,107,68,599000,https://www.99.co/singapore/sale/property/467-hougang-avenue-8-hdb-4Z2bJdyx24656eNfb7T7Fh,31,3,2
Bishan,HDB 4 Room,272,Bishan Street 24,,272 Bishan Street 24,103.81443637682855,1.4521353000000001,108,68,780000,https://www.99.co/singapore/sale/property/272-bishan-street-24-hdb-gYBDx99tP4KVgXPVcLowJp,31,3,2
Admiralty,HDB 5 Room,467,Admiralty Drive,,467 Admiralty Drive,103.85438810477277,1.3207933,114,77,638000,https://www.99.co/singapore/sale/property/467-admiralty-drive-hdb-NJraoyrZhQAUcWi6t5vzek,22,3,2
Whampoa,HDB 4 Room,100,Whampoa Drive,,100 Whampoa Drive,103.76372463693082,1.3873601500000001,89,50,490000,https://www.99.co/singapore/sale/property/100-whampoa-drive-hdb-NQG9gcqxA8xvnMh7W97E6t,49,3,2
Senja Link,HDB 5 Room,652,Senja Link,,652 Senja Link,103.76900240541246,1.3127562,10,77,638888,https://www.99.co/singapore/sale/property/652-senja-link-hdb-YrG7dkhSFCPiAkRbmHo5HC,22,3,2
Clementi,HDB 3 Room,363,Clementi Avenue 2,,363 Clementi Avenue 2,103.7940081,1.4409042,81,54,480000,https://www.99.co/singapore/sale/property/363-clementi-avenue-2-hdb-YdMA36QEQREDxAQemTQ7Jv,45,2,2
Woodlands,HDB 4 Room,853,Woodlands Street 83,,853 Woodlands Street 83,103.699834,1.3470632,103,69,520000,https://www.99.co/singapore/sale/property/853-woodlands-street-83-hdb-fpyf9Z2mCamNWiwDu7tFfW,30,3,2
Jurong West,HDB 4 Room,743,Jurong West Street 73,,743 Jurong West Street 73,103.74728416546698,1.3824682,103,68,500000,https://www.99.co/singapore/sale/property/743-jurong-west-street-73-hdb-KQB5qSPFkPDaemHAfjUzSu,31,3,2
Choa Chu Kang Central,HDB 5 Room,212,Choa Chu Kang Central,,212 Choa Chu Kang Central,103.92931427809168,1.336865,121,65,650000,https://www.99.co/singapore/sale/property/212-choa-chu-kang-central-hdb-LW52Tk6JLoThVpvwku6A55,34,3,2
Bedok Reservoir,HDB Executive,723,Bedok Reservoir Road,,723 Bedok Reservoir Road,103.75565597692308,1.3784542,137,60,860000,https://www.99.co/singapore/sale/property/723-bedok-reservoir-road-hdb-6xtMMAN5mq4gDaEFjGfzav,39,3,3
Teck Whye Lane,HDB 5 Room,14,Teck Whye Lane,,14 Teck Whye Lane,103.7755628186593,1.3741240499999998,118,55,499999,https://www.99.co/singapore/sale/property/14-teck-whye-lane-hdb-fHYRPy8Seqe4FUFqngjDH7,44,3,2
Petir,HDB 5 Room,213,Petir Road,,213 Petir Road,103.8451341,1.4184114,121,64,570000,https://www.99.co/singapore/sale/property/213-petir-road-hdb-6VQoLP2MCN4Fxumejq9fpT,35,3,2
Yishun,HDB 5 Room,512C,Yishun Street 51,,512C Yishun Street 51,103.73840041765231,1.35703435,112,93,750000,https://www.99.co/singapore/sale/property/512c-yishun-street-51-hdb-4dh2HxDS4MaF8Yeob6qCAS,6,3,2
Bukit Batok West,HDB 4 Room,442B,Bukit Batok West Avenue 8,,442B Bukit Batok West Avenue 8,103.7373900388055,1.38021145,91,95,588000,https://www.99.co/singapore/sale/property/442b-bukit-batok-west-avenue-8-hdb-6cEavKTAxR9KQ5K8qD7rXm,4,3,2
Choa Chu Kang,HDB Executive,448,Choa Chu Kang Avenue 4,,448 Choa Chu Kang Avenue 4,103.74597206306956,1.3727738,138,73,920000,https://www.99.co/singapore/sale/property/448-choa-chu-kang-avenue-4-hdb-VHJ2pbsr4svmQkbJHd5r4K,26,3,3
Choa Chu Kang,HDB 5 Room,812C,Choa Chu Kang Avenue 7,,812C Choa Chu Kang Avenue 7,103.776610275,1.4358768,112,93,698000,https://www.99.co/singapore/sale/property/812c-choa-chu-kang-avenue-7-hdb-9VorX7dbWjbw85toKM5zEh,6,3,2
Marsiling Greenview,HDB 3 Room,185C,Marsiling Greenview,,Blk 185C Marsiling Greenview,103.93982195090473,1.3342282,68,95,460000,https://www.srx.com.sg/listings/100631531/for-sale-marsiling-greenview-woodlands-street-13,4,2,2
Bedok North,HDB 5 Room,98,Bedok North Avenue 4,,Blk 98 Bedok North Avenue 4,103.7739656,1.3734373999999998,123,54,649999,https://www.srx.com.sg/listings/100651561/for-sale-bedok-north-avenue-4-98-bedok-north-avenue-4,45,3,2
Petir,HDB 3 Room,205,Petir Road,,Blk 205 Petir Road,103.82794681536046,1.45160665,73,64,649999,https://www.srx.com.sg/listings/100598141/for-sale-petir-road-petir-road,35,2,2
Montreal Ville,HDB 4 Room,593A,Montreal Ville,,Blk 593A Montreal Ville,103.91251466408788,1.3031931,93,91,738000,https://www.srx.com.sg/listings/100268361/for-sale-montreal-ville-montreal-link,8,3,2
Marine Crescent Ville,HDB 5 Room,27,Marine Crescent Ville,,Blk 27 Marine Crescent Ville,103.82526766016466,1.2836169000000002,126,51,738000,https://www.srx.com.sg/listings/99529201/for-sale-marine-crescent-ville-1-km-to-tao-nan-and-upcoming-mrt,48,4,2
Jalan Membina,HDB 5 Room,25B,Jalan Membina,,Blk 25B Jalan Membina,103.7043201646382,1.3501474,110,85,700000,https://www.srx.com.sg/listings/99406111/for-sale-jalan-membina-jalan-membina,14,3,2
Jurong West,HDB 5 Room,271C,Jurong West Street 24,,Blk 271C Jurong West Street 24,103.8465557939056,1.3695505,113,79,700000,https://www.srx.com.sg/listings/100549491/for-sale-jurong-west-street-24-5rm-premium-apartment-design-and-build,20,3,2
Ang Mo Kio,HDB 5 Room,700C,Ang Mo Kio Avenue 6,,Blk 700C Ang Mo Kio Avenue 6,103.90084855164727,1.32034495,111,79,700000,https://www.srx.com.sg/listings/99759021/for-sale-ang-mo-kio-avenue-6-rarely-available-unit-in-the-heart-of-ang-mo-kio,20,3,2
Eunos Crescent,HDB 3 Room,33,Eunos Crescent,,Blk 33 Eunos Crescent,103.84620757209012,1.3699001499999999,60,83,998000,https://www.srx.com.sg/listings/100581241/for-sale-eunos-crescent-eunos-crescent,16,2,1
Ang Mo Kio,HDB 5 Room,700A,Ang Mo Kio Avenue 6,,Blk 700A Ang Mo Kio Avenue 6,103.75426734099452,1.3492268,110,79,998000,https://www.srx.com.sg/listings/100367171/for-sale-ang-mo-kio-avenue-6-ang-mo-kio-avenue-6,20,3,2
Bukit Batok East,HDB 3 Room,231,Bukit Batok East Avenue 5,,Blk 231 Bukit Batok East Avenue 5,103.89701429086631,1.39304775,67,61,998000,https://www.srx.com.sg/listings/100618421/for-sale-bukit-batok-east-avenue-5-bukit-batok-east-avenue-5,38,2,2
Compassvale,HDB 5 Room,258A,Compassvale Road,,Blk 258A Compassvale Road,103.72305645946975,1.3546399500000001,110,77,390000,https://www.srx.com.sg/listings/100294131/for-sale-compassvale-road-compassvale-road,22,3,2
Jurong West,HDB 4 Room,408,Jurong West Street 42,,Blk 408 Jurong West Street 42,103.94585007073019,1.35142445,108,60,390000,https://www.srx.com.sg/listings/100649071/for-sale-jurong-west-street-42-jurong-west-street-42,39,3,2
Tampines,HDB 4 Room,158,Tampines Street 12,,Blk 158 Tampines Street 12,103.9013717,1.3742817,92,60,500000,https://www.srx.com.sg/listings/100413291/for-sale-tampines-street-12-tampines-street-12,39,3,2
Upper Serangoon View,HDB 3 Room,476A,Upper Serangoon View,,Blk 476A Upper Serangoon View,103.88259103682658,1.37665835,68,92,500000,https://www.srx.com.sg/listings/100460531/for-sale-upper-serangoon-view-upper-serangoon-view,7,2,2
Hougang,HDB 4 Room,925,Hougang Street 91,,Blk 925 Hougang Street 91,103.89274851394939,1.3602797999999998,101,74,500000,https://www.srx.com.sg/listings/100492111/for-sale-hougang-street-91-hougang-street-91,25,3,2
Hougang,HDB 4 Room,252,Hougang Avenue 3,,Blk 252 Hougang Avenue 3,103.80575986345823,1.4422101999999999,93,61,315555,https://www.srx.com.sg/listings/100631711/for-sale-hougang-avenue-3-hougang-avenue-3,38,3,2
Woodlands,HDB 5 Room,686A,Woodlands Drive 73,,Blk 686A Woodlands Drive 73,103.79780531581255,1.4309351499999998,114,79,315555,https://www.srx.com.sg/listings/100652101/for-sale-woodlands-drive-73-modern-designer-renovation,20,3,2
Woodlands,HDB 2 Room,573B,Woodlands Drive 16,,Blk 573B Woodlands Drive 16,103.68917087346051,1.34016475,47,94,830000,https://www.srx.com.sg/listings/100590251/for-sale-woodlands-drive-16-woodlands-drive-16,5,1,1
Jurong West,HDB 3 Room,925,Jurong West Street 92,,Blk 925 Jurong West Street 92,103.8042146,1.4458218,73,64,830000,https://www.srx.com.sg/listings/100067471/for-sale-jurong-west-street-92-jurong-west-street-92,35,2,2
Woodlands Crescent,HDB 4 Room,774,Woodlands Crescent,,Blk 774 Woodlands Crescent,103.7377502192457,1.35703205,91,73,830000,https://www.srx.com.sg/listings/100418261/for-sale-woodlands-crescent-woodlands-crescent,26,3,2
Bukit Batok West,HDB 4 Room,442C,Bukit Batok West Avenue 8,,Blk 442C Bukit Batok West Avenue 8,103.77804006124249,1.44273395,92,95,1399999,https://www.srx.com.sg/listings/100185781/for-sale-bukit-batok-west-avenue-8-bukit-batok-west-avenue-8,4,3,2
MARSILING LANE,HDB 3 Room,17,MARSILING LANE,,Blk 17 MARSILING LANE,103.75248998855022,1.35445145,65,60,1399999,https://www.srx.com.sg/listings/100019081/for-sale-marsiling-lane-marsiling-lane,39,2,2
Bukit Batok,HDB 4 Room,514,Bukit Batok Street 52,,Blk 514 Bukit Batok Street 52,103.73499192323874,1.3778252000000002,84,62,578000,https://www.srx.com.sg/listings/99101921/for-sale-bukit-batok-street-52-bukit-batok-street-52,37,3,2
Choa Chu Kang,HDB 5 Room,460,Choa Chu Kang Avenue 4,,Blk 460 Choa Chu Kang Avenue 4,103.7661974,1.3846632,123,76,578000,https://www.srx.com.sg/listings/100114821/for-sale-choa-chu-kang-avenue-4-choa-chu-kang-avenue-4,23,4,2
Jelapang,HDB Executive,521,Jelapang Road,,Blk 521 Jelapang Road,103.77184051156976,1.3877245999999999,144,74,578000,https://www.srx.com.sg/listings/100326671/for-sale-jelapang-road-jelapang-road,25,3,2
Segar,HDB 3 Room,459,Segar Road,,Blk 459 Segar Road,103.69100848058531,1.34439735,68,91,1068000,https://www.srx.com.sg/listings/100520251/for-sale-segar-road-segar-road,8,2,2
Jurong West,HDB 4 Room,948,Jurong West Street 91,,Blk 948 Jurong West Street 91,103.68684009337275,1.3417329,105,65,1068000,https://www.srx.com.sg/listings/100579581/for-sale-jurong-west-street-91-jurong-west-street-91,34,3,2
Jurong West,HDB 5 Room,911,Jurong West Street 91,,Blk 911 Jurong West Street 91,103.94524793057613,1.3588163,122,65,1068000,https://www.srx.com.sg/listings/100570251/for-sale-jurong-west-street-91-jurong-west-street-91,34,3,2
Tampines,HDB 3 Room,408,Tampines Street 41,,Blk 408 Tampines Street 41,103.7957923,1.436895,60,61,608000,https://www.srx.com.sg/listings/99962731/for-sale-tampines-street-41-tampines-street-41,38,2,1
Woodlands,HDB 4 Room,898A,Woodlands Drive 50,,Blk 898A Woodlands Drive 50,103.9494855616708,1.3423696,100,73,608000,https://www.srx.com.sg/listings/98817091/for-sale-woodlands-drive-50-woodlands-drive-50,26,3,2
Simei,HDB Executive,111,Simei Street 1,,Blk 111 Simei Street 1,103.85147710032723,1.3370704,146,63,1020000,https://www.srx.com.sg/listings/100549161/for-sale-simei-street-1-simei-street-1,36,4,3
Lorong 5 Toa Payoh,HDB 3 Room,57,Lorong 5 Toa Payoh,,Blk 57 Lorong 5 Toa Payoh,103.79915115,1.307525,61,49,1020000,https://www.srx.com.sg/listings/100213381/for-sale-lorong-5-toa-payoh-lorong-5-toa-payoh,50,2,1
Commonwealth Crescent,HDB 3 Room,108,Commonwealth Crescent,,Blk 108 Commonwealth Crescent,103.73435991274481,1.3476173999999999,60,45,418000,https://www.srx.com.sg/listings/100452811/for-sale-commonwealth-crescent-commonwealth-crescent,54,2,1
Jurong East,HDB 5 Room,309,Jurong East Street 32,,Blk 309 Jurong East Street 32,103.8836242,1.3021372,131,59,418000,https://www.srx.com.sg/listings/99509571/for-sale-jurong-east-street-32-spacious-5rm-model-a-corner-high-floor-bright-an,40,3,2
Jalan Batu,HDB 2 Room,7,Jalan Batu,,Blk 7 Jalan Batu,103.85380151282592,1.3741543,48,46,418000,https://www.srx.com.sg/listings/100482431/for-sale-jalan-batu-jalan-batu,53,1,1
Ang Mo Kio,HDB 4 Room,534,Ang Mo Kio Avenue 10,,Blk 534 Ang Mo Kio Avenue 10,103.90037917796244,1.3757217499999999,93,56,799000,https://www.srx.com.sg/listings/100647241/for-sale-ang-mo-kio-avenue-10-ang-mo-kio-avenue-10,43,3,2
Parkland Residences,HDB 4 Room,475A,Parkland Residences,,Blk 475A Parkland Residences,103.7494054077894,1.3462442000000001,92,90,799000,https://www.srx.com.sg/listings/99725401/for-sale-parkland-residences-upper-serangoon-crescent,9,3,2
Bukit Batok,HDB 4 Room,207,Bukit Batok Street 21,,Blk 207 Bukit Batok Street 21,103.84888911809797,1.37545765,104,59,799000,https://www.srx.com.sg/listings/100653341/for-sale-bukit-batok-street-21-6-mins-walk-to-mrt-and-mall-corner-4-room-for-sal,40,3,2
Ang Mo Kio,HDB 3 Room,503,Ang Mo Kio Avenue 5,,Blk 503 Ang Mo Kio Avenue 5,103.94020984896795,1.3309291,68,57,599999,https://www.srx.com.sg/listings/100606211/for-sale-ang-mo-kio-avenue-5-ang-mo-kio-avenue-5,42,2,2
Fengshan Greenville,HDB 4 Room,186B,Fengshan Greenville,,Blk 186B Fengshan Greenville,103.90065108726056,1.3877782,93,94,599999,https://www.srx.com.sg/listings/99868881/for-sale-fengshan-greenville-bedok-north-street-4,5,3,2
Compassvale Walk,HDB 5 Room,228C,Compassvale Walk,,Blk 228C Compassvale Walk,103.82909641058545,1.28651445,121,76,599999,https://www.srx.com.sg/listings/99104811/for-sale-compassvale-walk-compassvale-walk,23,3,2
Tiong Bahru View,HDB 5 Room,9B,Tiong Bahru View,,Blk 9B Tiong Bahru View,103.83828700695312,1.35033715,112,92,500000,https://www.srx.com.sg/listings/91618701/for-sale-tiong-bahru-view-boon-tiong-road,7,3,2
Shunfu Gardens,HDB 5 Room,310,Shunfu Gardens,,Blk 310 Shunfu Gardens,103.8714588,1.3575382,121,60,500000,https://www.srx.com.sg/listings/100340061/for-sale-shunfu-gardens-shunfu-road,39,3,2
Serangoon,HDB 3 Room,220,Serangoon Avenue 4,,Blk 220 Serangoon Avenue 4,103.89572964503105,1.3669035,67,60,500000,https://www.srx.com.sg/listings/100417071/for-sale-serangoon-avenue-4-unblocked-view,39,2,2
Hougang,HDB 4 Room,308,Hougang Avenue 5,,Blk 308 Hougang Avenue 5,103.75292058070869,1.3473242,93,59,638000,https://www.srx.com.sg/listings/100652991/for-sale-hougang-avenue-5-c-h-e-a-p-c-h-e-a-p-c-h-e-a-p-f-u-l-l-y-r-e-n,40,3,2
Bukit Batok,HDB 3 Room,214,Bukit Batok Street 21,,Blk 214 Bukit Batok Street 21,103.73703311027397,1.35517125,60,60,638000,https://www.srx.com.sg/listings/100538471/for-sale-bukit-batok-street-21-bukit-batok-street-21,39,2,1
Bukit Batok West,HDB 5 Room,440D,Bukit Batok West Avenue 8,,Blk 440D Bukit Batok West Avenue 8,103.89015150181818,1.3702811000000001,112,95,528000,https://www.srx.com.sg/listings/100301971/for-sale-bukit-batok-west-avenue-8-bukit-batok-west-avenue-8,4,3,2
Hougang Central,HDB 4 Room,835,Hougang Central,,Blk 835 Hougang Central,103.96280108780056,1.3710459,110,68,528000,https://www.srx.com.sg/listings/99074051/for-sale-hougang-central-4-room-for-sale,31,3,2
Pasir Ris,HDB Executive,245,Pasir Ris Street 21,,Blk 245 Pasir Ris Street 21,103.74126185888107,1.3471761,148,69,560000,https://www.srx.com.sg/listings/99380051/for-sale-pasir-ris-street-21-pasir-ris-street-21,30,4,2
Bukit Batok West,HDB 4 Room,168,Bukit Batok West Avenue 8,,Blk 168 Bukit Batok West Avenue 8,103.7956057,1.307321,103,60,560000,https://www.srx.com.sg/listings/100438401/for-sale-bukit-batok-west-avenue-8-bukit-batok-west-avenue-8,39,3,2
Holland Close,HDB 3 Room,6,Holland Close,,Blk 6 Holland Close,103.93695665416212,1.32160965,65,50,560000,https://www.srx.com.sg/listings/100653901/for-sale-holland-close-500m-to-holland-mrt-station,49,3,2
Bedok South,HDB Executive,10E,Bedok South Avenue 2,,Blk 10E Bedok South Avenue 2,103.70211148298677,1.34469065,13,69,505000,https://www.srx.com.sg/listings/100559941/for-sale-bedok-south-avenue-2-bedok-south-avenue-2,30,4,2
Jurong West,HDB 4 Room,674A,Jurong West Street 65,,Blk 674A Jurong West Street 65,103.7373900388055,1.38021145,91,78,505000,https://www.srx.com.sg/listings/100436571/for-sale-jurong-west-street-65-jurong-west-street-65,21,3,2
Choa Chu Kang,HDB Executive,448,Choa Chu Kang Avenue 4,,Blk 448 Choa Chu Kang Avenue 4,103.84855917460685,1.3382418,143,73,618000,https://www.srx.com.sg/listings/100164911/for-sale-choa-chu-kang-avenue-4-choa-chu-kang-avenue-4,26,4,3
Lorong 3 Toa Payoh,HDB 3 Room,91,Lorong 3 Toa Payoh,,Blk 91 Lorong 3 Toa Payoh,103.69660159483345,1.3368778,78,46,618000,https://www.srx.com.sg/listings/100334301/for-sale-lorong-3-toa-payoh-lorong-3-toa-payoh,53,2,1
Jurong West,HDB 5 Room,653A,Jurong West Street 61,,Blk 653A Jurong West Street 61,103.8928979,1.3799045,111,78,618000,https://www.srx.com.sg/listings/100294931/for-sale-jurong-west-street-61-jurong-west-street-61,21,3,2
Hougang,HDB 3 Room,523,Hougang Avenue 6,,Blk 523 Hougang Avenue 6,103.77949063494181,1.4308361,74,62,380000,https://www.srx.com.sg/listings/99669921/for-sale-hougang-avenue-6-hougang-avenue-6,37,2,2
Woodlands,HDB Executive,325,Woodlands Street 32,,Blk 325 Woodlands Street 32,103.9543513,1.3588399,163,71,380000,https://www.srx.com.sg/listings/99511321/for-sale-woodlands-street-32-woodlands-street-32,28,4,3
Tampines,HDB 5 Room,461,Tampines Street 44,,Blk 461 Tampines Street 44,103.807433,1.44269,122,62,380000,https://www.srx.com.sg/listings/99116251/for-sale-tampines-street-44-tampines-street-44,37,3,2
Woodlands,HDB 5 Room,690A,Woodlands Drive 75,,Blk 690A Woodlands Drive 75,103.84555559355047,1.4204197,110,80,358000,https://www.srx.com.sg/listings/98015601/for-sale-woodlands-drive-75-woodlands-drive-75,19,3,2
Yishun,HDB 4 Room,457,Yishun Street 41,,Blk 457 Yishun Street 41,103.92413737041167,1.32373105,93,89,358000,https://www.srx.com.sg/listings/99314501/for-sale-yishun-street-41-yishun-street-41,10,3,2
Chai Chee,HDB 4 Room,25,Chai Chee Road,,Blk 25 Chai Chee Road,103.844298306073,1.34062665,104,69,358000,https://www.srx.com.sg/listings/100518801/for-sale-chai-chee-road-chai-chee-road,30,3,2
Lorong 1 Toa Payoh,HDB 3 Room,115,Lorong 1 Toa Payoh,,Blk 115 Lorong 1 Toa Payoh,103.88995485669261,1.3908889,65,43,400000,https://www.srx.com.sg/listings/100580101/for-sale-lorong-1-toa-payoh-lorong-1-toa-payoh,56,2,2
Anchorvale,HDB 5 Room,319A,Anchorvale Drive,,Blk 319A Anchorvale Drive,103.85230273263656,1.33471975,110,78,400000,https://www.srx.com.sg/listings/100619821/for-sale-anchorvale-drive-anchorvale-drive,21,3,2
Lorong 4 Toa Payoh,HDB 3 Room,70,Lorong 4 Toa Payoh,,Blk 70 Lorong 4 Toa Payoh,103.95120185444759,1.3444394499999999,62,45,478000,https://www.srx.com.sg/listings/98233311/for-sale-lorong-4-toa-payoh-lorong-4-toa-payoh,54,2,1
Simei,HDB 5 Room,117,Simei Street 1,,Blk 117 Simei Street 1,103.85438810477277,1.3207933,122,64,635000,https://www.srx.com.sg/listings/98925581/for-sale-simei-street-1-simei-street-1,35,3,2
Whampoa,HDB 4 Room,100,Whampoa Drive,,Blk 100 Whampoa Drive,103.95822587882556,1.3447125999999998,89,50,530000,https://www.srx.com.sg/listings/99773371/for-sale-whampoa-drive-whampoa-drive,49,3,2
Simei,HDB 5 Room,155,Simei Road,,Blk 155 Simei Road,103.73774618189812,1.355623,122,65,530000,https://www.srx.com.sg/listings/100653911/for-sale-simei-road-indulge-in-a-condo-style-living-with-industrial-ch,34,3,2
Bukit Batok West,HDB 4 Room,443C,Bukit Batok West Avenue 8,,Blk 443C Bukit Batok West Avenue 8,103.8448870863424,1.35612865,92,95,350000,https://www.srx.com.sg/listings/98456721/for-sale-bukit-batok-west-avenue-8-bukit-batok-west-avenue-8,4,3,2
Bishan,HDB 5 Room,290,Bishan Street 24,,Blk 290 Bishan Street 24,103.88055960299619,1.39685895,121,74,350000,https://www.srx.com.sg/listings/100426421/for-sale-bishan-street-24-bishan-street-24,25,4,2
Fernvale Rivergrove,HDB 4 Room,472A,Fernvale Rivergrove,,Blk 472A Fernvale Rivergrove,103.90000943928571,1.4124874,93,92,448000,https://www.srx.com.sg/listings/100126641/for-sale-fernvale-rivergrove-fernvale-street,7,3,2
Punggol Vue,HDB 3 Room,326C,Punggol Vue,,Blk 326C Punggol Vue,103.91061600625,1.4072661499999999,68,94,448000,https://www.srx.com.sg/listings/100277961/for-sale-punggol-vue-sumang-walk,5,2,2
